mlow,mhigh,ptcut,etcut,mode,order,sigma_fb,unc_stat_fb,unc_lumi_fb,N_selected,N_background,eff,delta_df,delta_ss,data_n_total,data_n_after_mass,data_n_after_iso,data_n_after_mass_and_iso
60,120,8,5,none,iso -> df -> ss,2252400.2577653825,459.9782285055069,38290.804382011505,24245808.0,89642.84153965811,0.29302274773358117,,,26363258,25149399,25394841,24245808
60,120,8,5,none,df -> iso -> ss,2252400.2577653825,459.9782285055069,38290.804382011505,24245808.0,89642.84153965811,0.29302274773358117,,,26363258,25149399,25394841,24245808
60,120,8,5,none,ss -> iso -> df,2252400.2577653825,459.9782285055069,38290.804382011505,24245808.0,89642.84153965811,0.29302274773358117,,,26363258,25149399,25394841,24245808
60,120,8,5,none,df -> ss -> iso,2252400.2577653825,459.9782285055069,38290.804382011505,24245808.0,89642.84153965811,0.29302274773358117,,,26363258,25149399,25394841,24245808
60,120,8,5,df,iso -> df -> ss,2250390.6227543037,459.56782704637385,38256.64058682317,24245808.0,89642.84153965811,0.29328442175894087,21273.988358655362,,26363258,25149399,25394841,24245808
60,120,8,5,df,df -> iso -> ss,2250390.6227543037,459.56782704637385,38256.64058682317,24245808.0,89642.84153965811,0.29328442175894087,21273.988358655362,,26363258,25149399,25394841,24245808
60,120,8,5,df,ss -> iso -> df,2250390.6227543037,459.56782704637385,38256.64058682317,24245808.0,89642.84153965811,0.29328442175894087,21273.988358655362,,26363258,25149399,25394841,24245808
60,120,8,5,df,df -> ss -> iso,2250390.6227543037,459.56782704637385,38256.64058682317,24245808.0,89642.84153965811,0.29328442175894087,21273.988358655362,,26363258,25149399,25394841,24245808
60,120,8,5,ss,iso -> df -> ss,2252171.0954965837,459.95500090302653,38286.90862344192,24243350.3188689,89642.84153965811,0.29302274773358117,,2457.681131097418,26363258,25149399,25394841,24245808
60,120,8,5,ss,df -> iso -> ss,2252171.0954965837,459.95500090302653,38286.90862344192,24243350.3188689,89642.84153965811,0.29302274773358117,,2457.681131097418,26363258,25149399,25394841,24245808
60,120,8,5,ss,ss -> iso -> df,2252171.0954965837,459.95500090302653,38286.90862344192,24243350.3188689,89642.84153965811,0.29302274773358117,,2457.681131097418,26363258,25149399,25394841,24245808
60,120,8,5,ss,df -> ss -> iso,2252171.0954965837,459.95500090302653,38286.90862344192,24243350.3188689,89642.84153965811,0.29302274773358117,,2457.681131097418,26363258,25149399,25394841,24245808
60,120,8,5,df+ss,iso -> df -> ss,2250161.664948507,459.54462016800903,38252.74830412462,24243350.3188689,89642.84153965811,0.29328442175894087,21273.988358655362,2457.681131097418,26363258,25149399,25394841,24245808
60,120,8,5,df+ss,df -> iso -> ss,2250161.664948507,459.54462016800903,38252.74830412462,24243350.3188689,89642.84153965811,0.29328442175894087,21273.988358655362,2457.681131097418,26363258,25149399,25394841,24245808
60,120,8,5,df+ss,ss -> iso -> df,2250161.664948507,459.54462016800903,38252.74830412462,24243350.3188689,89642.84153965811,0.29328442175894087,21273.988358655362,2457.681131097418,26363258,25149399,25394841,24245808
60,120,8,5,df+ss,df -> ss -> iso,2250161.664948507,459.54462016800903,38252.74830412462,24243350.3188689,89642.84153965811,0.29328442175894087,21273.988358655362,2457.681131097418,26363258,25149399,25394841,24245808
60,120,8,6,none,iso -> df -> ss,2252728.3044282156,457.22944655126054,38296.38117527967,24545950.0,90950.49396382616,0.29660451466668025,,,26363258,25149399,25709429,24545950
60,120,8,6,none,df -> iso -> ss,2252728.3044282156,457.22944655126054,38296.38117527967,24545950.0,90950.49396382616,0.29660451466668025,,,26363258,25149399,25709429,24545950
60,120,8,6,none,ss -> iso -> df,2252728.3044282156,457.22944655126054,38296.38117527967,24545950.0,90950.49396382616,0.29660451466668025,,,26363258,25149399,25709429,24545950
60,120,8,6,none,df -> ss -> iso,2252728.3044282156,457.22944655126054,38296.38117527967,24545950.0,90950.49396382616,0.29660451466668025,,,26363258,25149399,25709429,24545950
60,120,8,6,df,iso -> df -> ss,2250679.5783202546,456.81362281315734,38261.55283144433,24545950.0,90950.49396382616,0.296874504859327,21950.089266297597,,26363258,25149399,25709429,24545950
60,120,8,6,df,df -> iso -> ss,2250679.5783202546,456.81362281315734,38261.55283144433,24545950.0,90950.49396382616,0.296874504859327,21950.089266297597,,26363258,25149399,25709429,24545950
60,120,8,6,df,ss -> iso -> df,2250679.5783202546,456.81362281315734,38261.55283144433,24545950.0,90950.49396382616,0.296874504859327,21950.089266297597,,26363258,25149399,25709429,24545950
60,120,8,6,df,df -> ss -> iso,2250679.5783202546,456.81362281315734,38261.55283144433,24545950.0,90950.49396382616,0.296874504859327,21950.089266297597,,26363258,25149399,25709429,24545950
60,120,8,6,ss,iso -> df -> ss,2252483.261994467,457.2047617298073,38292.21545390594,24543289.88666787,90950.49396382616,0.29660451466668025,,2660.113332130635,26363258,25149399,25709429,24545950
60,120,8,6,ss,df -> iso -> ss,2252483.261994467,457.2047617298073,38292.21545390594,24543289.88666787,90950.49396382616,0.29660451466668025,,2660.113332130635,26363258,25149399,25709429,24545950
60,120,8,6,ss,ss -> iso -> df,2252483.261994467,457.2047617298073,38292.21545390594,24543289.88666787,90950.49396382616,0.29660451466668025,,2660.113332130635,26363258,25149399,25709429,24545950
60,120,8,6,ss,df -> ss -> iso,2252483.261994467,457.2047617298073,38292.21545390594,24543289.88666787,90950.49396382616,0.29660451466668025,,2660.113332130635,26363258,25149399,25709429,24545950
60,120,8,6,df+ss,iso -> df -> ss,2250434.7587384274,456.78896044112156,38257.39089855327,24543289.88666787,90950.49396382616,0.296874504859327,21950.089266297597,2660.113332130635,26363258,25149399,25709429,24545950
60,120,8,6,df+ss,df -> iso -> ss,2250434.7587384274,456.78896044112156,38257.39089855327,24543289.88666787,90950.49396382616,0.296874504859327,21950.089266297597,2660.113332130635,26363258,25149399,25709429,24545950
60,120,8,6,df+ss,ss -> iso -> df,2250434.7587384274,456.78896044112156,38257.39089855327,24543289.88666787,90950.49396382616,0.296874504859327,21950.089266297597,2660.113332130635,26363258,25149399,25709429,24545950
60,120,8,6,df+ss,df -> ss -> iso,2250434.7587384274,456.78896044112156,38257.39089855327,24543289.88666787,90950.49396382616,0.296874504859327,21950.089266297597,2660.113332130635,26363258,25149399,25709429,24545950
60,120,8,7,none,iso -> df -> ss,2253194.7306303806,455.8063084985403,38304.31042071647,24709834.0,91603.94294807433,0.2985224611914882,,,26363258,25149399,25881241,24709834
60,120,8,7,none,df -> iso -> ss,2253194.7306303806,455.8063084985403,38304.31042071647,24709834.0,91603.94294807433,0.2985224611914882,,,26363258,25149399,25881241,24709834
60,120,8,7,none,ss -> iso -> df,2253194.7306303806,455.8063084985403,38304.31042071647,24709834.0,91603.94294807433,0.2985224611914882,,,26363258,25149399,25881241,24709834
60,120,8,7,none,df -> ss -> iso,2253194.7306303806,455.8063084985403,38304.31042071647,24709834.0,91603.94294807433,0.2985224611914882,,,26363258,25149399,25881241,24709834
60,120,8,7,df,iso -> df -> ss,2251118.1748017846,455.3862350651364,38269.00897163034,24709834.0,91603.94294807433,0.29879783480967176,22387.759501409804,,26363258,25149399,25881241,24709834
60,120,8,7,df,df -> iso -> ss,2251118.1748017846,455.3862350651364,38269.00897163034,24709834.0,91603.94294807433,0.29879783480967176,22387.759501409804,,26363258,25149399,25881241,24709834
60,120,8,7,df,ss -> iso -> df,2251118.1748017846,455.3862350651364,38269.00897163034,24709834.0,91603.94294807433,0.29879783480967176,22387.759501409804,,26363258,25149399,25881241,24709834
60,120,8,7,df,df -> ss -> iso,2251118.1748017846,455.3862350651364,38269.00897163034,24709834.0,91603.94294807433,0.29879783480967176,22387.759501409804,,26363258,25149399,25881241,24709834
60,120,8,7,ss,iso -> df -> ss,2252938.6185008613,455.78059424205213,38299.95651451465,24707035.738829233,91603.94294807433,0.2985224611914882,,2798.2611707680626,26363258,25149399,25881241,24709834
60,120,8,7,ss,df -> iso -> ss,2252938.6185008613,455.78059424205213,38299.95651451465,24707035.738829233,91603.94294807433,0.2985224611914882,,2798.2611707680626,26363258,25149399,25881241,24709834
60,120,8,7,ss,ss -> iso -> df,2252938.6185008613,455.78059424205213,38299.95651451465,24707035.738829233,91603.94294807433,0.2985224611914882,,2798.2611707680626,26363258,25149399,25881241,24709834
60,120,8,7,ss,df -> ss -> iso,2252938.6185008613,455.78059424205213,38299.95651451465,24707035.738829233,91603.94294807433,0.2985224611914882,,2798.2611707680626,26363258,25149399,25881241,24709834
60,120,8,7,df+ss,iso -> df -> ss,2250862.2987065185,455.360544507039,38264.659078010816,24707035.738829233,91603.94294807433,0.29879783480967176,22387.759501409804,2798.2611707680626,26363258,25149399,25881241,24709834
60,120,8,7,df+ss,df -> iso -> ss,2250862.2987065185,455.360544507039,38264.659078010816,24707035.738829233,91603.94294807433,0.29879783480967176,22387.759501409804,2798.2611707680626,26363258,25149399,25881241,24709834
60,120,8,7,df+ss,ss -> iso -> df,2250862.2987065185,455.360544507039,38264.659078010816,24707035.738829233,91603.94294807433,0.29879783480967176,22387.759501409804,2798.2611707680626,26363258,25149399,25881241,24709834
60,120,8,7,df+ss,df -> ss -> iso,2250862.2987065185,455.360544507039,38264.659078010816,24707035.738829233,91603.94294807433,0.29879783480967176,22387.759501409804,2798.2611707680626,26363258,25149399,25881241,24709834
60,120,9,5,none,iso -> df -> ss,2253357.8624155684,460.0726424803791,38307.083661064666,24256367.0,89647.63836597068,0.29302619426163645,,,26363258,25149399,25406311,24256367
60,120,9,5,none,df -> iso -> ss,2253357.8624155684,460.0726424803791,38307.083661064666,24256367.0,89647.63836597068,0.29302619426163645,,,26363258,25149399,25406311,24256367
60,120,9,5,none,ss -> iso -> df,2253357.8624155684,460.0726424803791,38307.083661064666,24256367.0,89647.63836597068,0.29302619426163645,,,26363258,25149399,25406311,24256367
60,120,9,5,none,df -> ss -> iso,2253357.8624155684,460.0726424803791,38307.083661064666,24256367.0,89647.63836597068,0.29302619426163645,,,26363258,25149399,25406311,24256367
60,120,9,5,df,iso -> df -> ss,2251300.604950017,459.6526080534354,38272.11028415029,24256367.0,89647.63836597068,0.2932939640674196,21769.572746851598,,26363258,25149399,25406311,24256367
60,120,9,5,df,df -> iso -> ss,2251300.604950017,459.6526080534354,38272.11028415029,24256367.0,89647.63836597068,0.2932939640674196,21769.572746851598,,26363258,25149399,25406311,24256367
60,120,9,5,df,ss -> iso -> df,2251300.604950017,459.6526080534354,38272.11028415029,24256367.0,89647.63836597068,0.2932939640674196,21769.572746851598,,26363258,25149399,25406311,24256367
60,120,9,5,df,df -> ss -> iso,2251300.604950017,459.6526080534354,38272.11028415029,24256367.0,89647.63836597068,0.2932939640674196,21769.572746851598,,26363258,25149399,25406311,24256367
60,120,9,5,ss,iso -> df -> ss,2253113.470020474,460.0478765047154,38302.92899034806,24253745.950532056,89647.63836597068,0.29302619426163645,,2621.0494679421245,26363258,25149399,25406311,24256367
60,120,9,5,ss,df -> iso -> ss,2253113.470020474,460.0478765047154,38302.92899034806,24253745.950532056,89647.63836597068,0.29302619426163645,,2621.0494679421245,26363258,25149399,25406311,24256367
60,120,9,5,ss,ss -> iso -> df,2253113.470020474,460.0478765047154,38302.92899034806,24253745.950532056,89647.63836597068,0.29302619426163645,,2621.0494679421245,26363258,25149399,25406311,24256367
60,120,9,5,ss,df -> ss -> iso,2253113.470020474,460.0478765047154,38302.92899034806,24253745.950532056,89647.63836597068,0.29302619426163645,,2621.0494679421245,26363258,25149399,25406311,24256367
60,120,9,5,df+ss,iso -> df -> ss,2251056.4356788597,459.6278646884671,38267.95940654062,24253745.950532056,89647.63836597068,0.2932939640674196,21769.572746851598,2621.0494679421245,26363258,25149399,25406311,24256367
60,120,9,5,df+ss,df -> iso -> ss,2251056.4356788597,459.6278646884671,38267.95940654062,24253745.950532056,89647.63836597068,0.2932939640674196,21769.572746851598,2621.0494679421245,26363258,25149399,25406311,24256367
60,120,9,5,df+ss,ss -> iso -> df,2251056.4356788597,459.6278646884671,38267.95940654062,24253745.950532056,89647.63836597068,0.2932939640674196,21769.572746851598,2621.0494679421245,26363258,25149399,25406311,24256367
60,120,9,5,df+ss,df -> ss -> iso,2251056.4356788597,459.6278646884671,38267.95940654062,24253745.950532056,89647.63836597068,0.2932939640674196,21769.572746851598,2621.0494679421245,26363258,25149399,25406311,24256367
60,120,9,6,none,iso -> df -> ss,2253743.2971789264,457.32893195713916,38313.63605204175,24557279.0,90956.78353425901,0.2966082028598896,,,26363258,25149399,25721743,24557279
60,120,9,6,none,df -> iso -> ss,2253743.2971789264,457.32893195713916,38313.63605204175,24557279.0,90956.78353425901,0.2966082028598896,,,26363258,25149399,25721743,24557279
60,120,9,6,none,ss -> iso -> df,2253743.2971789264,457.32893195713916,38313.63605204175,24557279.0,90956.78353425901,0.2966082028598896,,,26363258,25149399,25721743,24557279
60,120,9,6,none,df -> ss -> iso,2253743.2971789264,457.32893195713916,38313.63605204175,24557279.0,90956.78353425901,0.2966082028598896,,,26363258,25149399,25721743,24557279
60,120,9,6,df,iso -> df -> ss,2251640.5434732847,456.90224178902037,38277.88923904584,24557279.0,90956.78353425901,0.2968851982264436,22519.606962784368,,26363258,25149399,25721743,24557279
60,120,9,6,df,df -> iso -> ss,2251640.5434732847,456.90224178902037,38277.88923904584,24557279.0,90956.78353425901,0.2968851982264436,22519.606962784368,,26363258,25149399,25721743,24557279
60,120,9,6,df,ss -> iso -> df,2251640.5434732847,456.90224178902037,38277.88923904584,24557279.0,90956.78353425901,0.2968851982264436,22519.606962784368,,26363258,25149399,25721743,24557279
60,120,9,6,df,df -> ss -> iso,2251640.5434732847,456.90224178902037,38277.88923904584,24557279.0,90956.78353425901,0.2968851982264436,22519.606962784368,,26363258,25149399,25721743,24557279
60,120,9,6,ss,iso -> df -> ss,2253480.906027049,457.30250550760485,38309.175402459834,24554430.518331025,90956.78353425901,0.2966082028598896,,2848.4816689753416,26363258,25149399,25721743,24557279
60,120,9,6,ss,df -> iso -> ss,2253480.906027049,457.30250550760485,38309.175402459834,24554430.518331025,90956.78353425901,0.2966082028598896,,2848.4816689753416,26363258,25149399,25721743,24557279
60,120,9,6,ss,ss -> iso -> df,2253480.906027049,457.30250550760485,38309.175402459834,24554430.518331025,90956.78353425901,0.2966082028598896,,2848.4816689753416,26363258,25149399,25721743,24557279
60,120,9,6,ss,df -> ss -> iso,2253480.906027049,457.30250550760485,38309.175402459834,24554430.518331025,90956.78353425901,0.2966082028598896,,2848.4816689753416,26363258,25149399,25721743,24557279
60,120,9,6,df+ss,iso -> df -> ss,2251378.397133657,456.87583999549486,38273.432751272165,24554430.518331025,90956.78353425901,0.2968851982264436,22519.606962784368,2848.4816689753416,26363258,25149399,25721743,24557279
60,120,9,6,df+ss,df -> iso -> ss,2251378.397133657,456.87583999549486,38273.432751272165,24554430.518331025,90956.78353425901,0.2968851982264436,22519.606962784368,2848.4816689753416,26363258,25149399,25721743,24557279
60,120,9,6,df+ss,ss -> iso -> df,2251378.397133657,456.87583999549486,38273.432751272165,24554430.518331025,90956.78353425901,0.2968851982264436,22519.606962784368,2848.4816689753416,26363258,25149399,25721743,24557279
60,120,9,6,df+ss,df -> ss -> iso,2251378.397133657,456.87583999549486,38273.432751272165,24554430.518331025,90956.78353425901,0.2968851982264436,22519.606962784368,2848.4816689753416,26363258,25149399,25721743,24557279
60,120,9,7,none,iso -> df -> ss,2254266.2080628932,455.91084434283925,38322.52553706919,24721888.0,91611.49325651053,0.2985265768941575,,,26363258,25149399,25894369,24721888
60,120,9,7,none,df -> iso -> ss,2254266.2080628932,455.91084434283925,38322.52553706919,24721888.0,91611.49325651053,0.2985265768941575,,,26363258,25149399,25894369,24721888
60,120,9,7,none,ss -> iso -> df,2254266.2080628932,455.91084434283925,38322.52553706919,24721888.0,91611.49325651053,0.2985265768941575,,,26363258,25149399,25894369,24721888
60,120,9,7,none,df -> ss -> iso,2254266.2080628932,455.91084434283925,38322.52553706919,24721888.0,91611.49325651053,0.2985265768941575,,,26363258,25149399,25894369,24721888
60,120,9,7,df,iso -> df -> ss,2252132.1849701577,455.4792518953384,38286.247144492685,24721888.0,91611.49325651053,0.2988094477723142,22997.283588373786,,26363258,25149399,25894369,24721888
60,120,9,7,df,df -> iso -> ss,2252132.1849701577,455.4792518953384,38286.247144492685,24721888.0,91611.49325651053,0.2988094477723142,22997.283588373786,,26363258,25149399,25894369,24721888
60,120,9,7,df,ss -> iso -> df,2252132.1849701577,455.4792518953384,38286.247144492685,24721888.0,91611.49325651053,0.2988094477723142,22997.283588373786,,26363258,25149399,25894369,24721888
60,120,9,7,df,df -> ss -> iso,2252132.1849701577,455.4792518953384,38286.247144492685,24721888.0,91611.49325651053,0.2988094477723142,22997.283588373786,,26363258,25149399,25894369,24721888
60,120,9,7,ss,iso -> df -> ss,2253991.4280053643,455.88326243247496,38317.854276091195,24718885.73311099,91611.49325651053,0.2985265768941575,,3002.266889010937,26363258,25149399,25894369,24721888
60,120,9,7,ss,df -> iso -> ss,2253991.4280053643,455.88326243247496,38317.854276091195,24718885.73311099,91611.49325651053,0.2985265768941575,,3002.266889010937,26363258,25149399,25894369,24721888
60,120,9,7,ss,ss -> iso -> df,2253991.4280053643,455.88326243247496,38317.854276091195,24718885.73311099,91611.49325651053,0.2985265768941575,,3002.266889010937,26363258,25149399,25894369,24721888
60,120,9,7,ss,df -> ss -> iso,2253991.4280053643,455.88326243247496,38317.854276091195,24718885.73311099,91611.49325651053,0.2985265768941575,,3002.266889010937,26363258,25149399,25894369,24721888
60,120,9,7,df+ss,iso -> df -> ss,2251857.66503585,455.45169609565863,38281.58030560945,24718885.73311099,91611.49325651053,0.2988094477723142,22997.283588373786,3002.266889010937,26363258,25149399,25894369,24721888
60,120,9,7,df+ss,df -> iso -> ss,2251857.66503585,455.45169609565863,38281.58030560945,24718885.73311099,91611.49325651053,0.2988094477723142,22997.283588373786,3002.266889010937,26363258,25149399,25894369,24721888
60,120,9,7,df+ss,ss -> iso -> df,2251857.66503585,455.45169609565863,38281.58030560945,24718885.73311099,91611.49325651053,0.2988094477723142,22997.283588373786,3002.266889010937,26363258,25149399,25894369,24721888
60,120,9,7,df+ss,df -> ss -> iso,2251857.66503585,455.45169609565863,38281.58030560945,24718885.73311099,91611.49325651053,0.2988094477723142,22997.283588373786,3002.266889010937,26363258,25149399,25894369,24721888
60,120,10,5,none,iso -> df -> ss,2253957.3989110216,460.13237469481936,38317.27578148737,24262911.0,89650.33319223342,0.29302754490273225,,,26363258,25149399,25413480,24262911
60,120,10,5,none,df -> iso -> ss,2253957.3989110216,460.13237469481936,38317.27578148737,24262911.0,89650.33319223342,0.29302754490273225,,,26363258,25149399,25413480,24262911
60,120,10,5,none,ss -> iso -> df,2253957.3989110216,460.13237469481936,38317.27578148737,24262911.0,89650.33319223342,0.29302754490273225,,,26363258,25149399,25413480,24262911
60,120,10,5,none,df -> ss -> iso,2253957.3989110216,460.13237469481936,38317.27578148737,24262911.0,89650.33319223342,0.29302754490273225,,,26363258,25149399,25413480,24262911
60,120,10,5,df,iso -> df -> ss,2251863.2409334285,459.7048644483163,38281.67509586829,24262911.0,89650.33319223342,0.2933000507812678,22154.613472472964,,26363258,25149399,25413480,24262911
60,120,10,5,df,df -> iso -> ss,2251863.2409334285,459.7048644483163,38281.67509586829,24262911.0,89650.33319223342,0.2933000507812678,22154.613472472964,,26363258,25149399,25413480,24262911
60,120,10,5,df,ss -> iso -> df,2251863.2409334285,459.7048644483163,38281.67509586829,24262911.0,89650.33319223342,0.2933000507812678,22154.613472472964,,26363258,25149399,25413480,24262911
60,120,10,5,df,df -> ss -> iso,2251863.2409334285,459.7048644483163,38281.67509586829,24262911.0,89650.33319223342,0.2933000507812678,22154.613472472964,,26363258,25149399,25413480,24262911
60,120,10,5,ss,iso -> df -> ss,2253699.9537958256,460.10628946618004,38312.89921452904,24260149.950532056,89650.33319223342,0.29302754490273225,,2761.0494679421245,26363258,25149399,25413480,24262911
60,120,10,5,ss,df -> iso -> ss,2253699.9537958256,460.10628946618004,38312.89921452904,24260149.950532056,89650.33319223342,0.29302754490273225,,2761.0494679421245,26363258,25149399,25413480,24262911
60,120,10,5,ss,ss -> iso -> df,2253699.9537958256,460.10628946618004,38312.89921452904,24260149.950532056,89650.33319223342,0.29302754490273225,,2761.0494679421245,26363258,25149399,25413480,24262911
60,120,10,5,ss,df -> ss -> iso,2253699.9537958256,460.10628946618004,38312.89921452904,24260149.950532056,89650.33319223342,0.29302754490273225,,2761.0494679421245,26363258,25149399,25413480,24262911
60,120,10,5,df+ss,iso -> df -> ss,2251606.035011193,459.67880345553414,38277.30259519028,24260149.950532056,89650.33319223342,0.2933000507812678,22154.613472472964,2761.0494679421245,26363258,25149399,25413480,24262911
60,120,10,5,df+ss,df -> iso -> ss,2251606.035011193,459.67880345553414,38277.30259519028,24260149.950532056,89650.33319223342,0.2933000507812678,22154.613472472964,2761.0494679421245,26363258,25149399,25413480,24262911
60,120,10,5,df+ss,ss -> iso -> df,2251606.035011193,459.67880345553414,38277.30259519028,24260149.950532056,89650.33319223342,0.2933000507812678,22154.613472472964,2761.0494679421245,26363258,25149399,25413480,24262911
60,120,10,5,df+ss,df -> ss -> iso,2251606.035011193,459.67880345553414,38277.30259519028,24260149.950532056,89650.33319223342,0.2933000507812678,22154.613472472964,2761.0494679421245,26363258,25149399,25413480,24262911
60,120,10,6,none,iso -> df -> ss,2254385.2025064025,457.392477085894,38324.548442608844,24564372.0,90959.47836052174,0.29660967989206766,,,26363258,25149399,25729532,24564372
60,120,10,6,none,df -> iso -> ss,2254385.2025064025,457.392477085894,38324.548442608844,24564372.0,90959.47836052174,0.29660967989206766,,,26363258,25149399,25729532,24564372
60,120,10,6,none,ss -> iso -> df,2254385.2025064025,457.392477085894,38324.548442608844,24564372.0,90959.47836052174,0.29660967989206766,,,26363258,25149399,25729532,24564372
60,120,10,6,none,df -> ss -> iso,2254385.2025064025,457.392477085894,38324.548442608844,24564372.0,90959.47836052174,0.29660967989206766,,,26363258,25149399,25729532,24564372
60,120,10,6,df,iso -> df -> ss,2252239.3872457705,456.95711237699777,38288.069583178105,24564372.0,90959.47836052174,0.29689227399870116,22974.78217977914,,26363258,25149399,25729532,24564372
60,120,10,6,df,df -> iso -> ss,2252239.3872457705,456.95711237699777,38288.069583178105,24564372.0,90959.47836052174,0.29689227399870116,22974.78217977914,,26363258,25149399,25729532,24564372
60,120,10,6,df,ss -> iso -> df,2252239.3872457705,456.95711237699777,38288.069583178105,24564372.0,90959.47836052174,0.29689227399870116,22974.78217977914,,26363258,25149399,25729532,24564372
60,120,10,6,df,df -> ss -> iso,2252239.3872457705,456.95711237699777,38288.069583178105,24564372.0,90959.47836052174,0.29689227399870116,22974.78217977914,,26363258,25149399,25729532,24564372
60,120,10,6,ss,iso -> df -> ss,2254108.540042483,457.364617282423,38319.84518072221,24561368.576006074,90959.47836052174,0.29660967989206766,,3003.4239939276504,26363258,25149399,25729532,24564372
60,120,10,6,ss,df -> iso -> ss,2254108.540042483,457.364617282423,38319.84518072221,24561368.576006074,90959.47836052174,0.29660967989206766,,3003.4239939276504,26363258,25149399,25729532,24564372
60,120,10,6,ss,ss -> iso -> df,2254108.540042483,457.364617282423,38319.84518072221,24561368.576006074,90959.47836052174,0.29660967989206766,,3003.4239939276504,26363258,25149399,25729532,24564372
60,120,10,6,ss,df -> ss -> iso,2254108.540042483,457.364617282423,38319.84518072221,24561368.576006074,90959.47836052174,0.29660967989206766,,3003.4239939276504,26363258,25149399,25729532,24564372
60,120,10,6,df+ss,iso -> df -> ss,2251962.988120404,456.92927909161756,38283.370798046875,24561368.576006074,90959.47836052174,0.29689227399870116,22974.78217977914,3003.4239939276504,26363258,25149399,25729532,24564372
60,120,10,6,df+ss,df -> iso -> ss,2251962.988120404,456.92927909161756,38283.370798046875,24561368.576006074,90959.47836052174,0.29689227399870116,22974.78217977914,3003.4239939276504,26363258,25149399,25729532,24564372
60,120,10,6,df+ss,ss -> iso -> df,2251962.988120404,456.92927909161756,38283.370798046875,24561368.576006074,90959.47836052174,0.29689227399870116,22974.78217977914,3003.4239939276504,26363258,25149399,25729532,24564372
60,120,10,6,df+ss,df -> ss -> iso,2251962.988120404,456.92927909161756,38283.370798046875,24561368.576006074,90959.47836052174,0.29689227399870116,22974.78217977914,3003.4239939276504,26363258,25149399,25729532,24564372
60,120,10,7,none,iso -> df -> ss,2254938.688271682,455.9771237802086,38333.957700618594,24729374.0,91614.18808277324,0.298528221584212,,,26363258,25149399,25902605,24729374
60,120,10,7,none,df -> iso -> ss,2254938.688271682,455.9771237802086,38333.957700618594,24729374.0,91614.18808277324,0.298528221584212,,,26363258,25149399,25902605,24729374
60,120,10,7,none,ss -> iso -> df,2254938.688271682,455.9771237802086,38333.957700618594,24729374.0,91614.18808277324,0.298528221584212,,,26363258,25149399,25902605,24729374
60,120,10,7,none,df -> ss -> iso,2254938.688271682,455.9771237802086,38333.957700618594,24729374.0,91614.18808277324,0.298528221584212,,,26363258,25149399,25902605,24729374
60,120,10,7,df,iso -> df -> ss,2252757.6902570818,455.53609839586437,38296.880734370396,24729374.0,91614.18808277324,0.2988172404438049,23497.111896985778,,26363258,25149399,25902605,24729374
60,120,10,7,df,df -> iso -> ss,2252757.6902570818,455.53609839586437,38296.880734370396,24729374.0,91614.18808277324,0.2988172404438049,23497.111896985778,,26363258,25149399,25902605,24729374
60,120,10,7,df,ss -> iso -> df,2252757.6902570818,455.53609839586437,38296.880734370396,24729374.0,91614.18808277324,0.2988172404438049,23497.111896985778,,26363258,25149399,25902605,24729374
60,120,10,7,df,df -> ss -> iso,2252757.6902570818,455.53609839586437,38296.880734370396,24729374.0,91614.18808277324,0.2988172404438049,23497.111896985778,,26363258,25149399,25902605,24729374
60,120,10,7,ss,iso -> df -> ss,2254648.172931981,455.9479667407418,38329.01893984368,24726199.790786035,91614.18808277324,0.298528221584212,,3174.2092139632455,26363258,25149399,25902605,24729374
60,120,10,7,ss,df -> iso -> ss,2254648.172931981,455.9479667407418,38329.01893984368,24726199.790786035,91614.18808277324,0.298528221584212,,3174.2092139632455,26363258,25149399,25902605,24729374
60,120,10,7,ss,ss -> iso -> df,2254648.172931981,455.9479667407418,38329.01893984368,24726199.790786035,91614.18808277324,0.298528221584212,,3174.2092139632455,26363258,25149399,25902605,24729374
60,120,10,7,ss,df -> ss -> iso,2254648.172931981,455.9479667407418,38329.01893984368,24726199.790786035,91614.18808277324,0.298528221584212,,3174.2092139632455,26363258,25149399,25902605,24729374
60,120,10,7,df+ss,iso -> df -> ss,2252467.4559065634,455.50696955736174,38291.94675041158,24726199.790786035,91614.18808277324,0.2988172404438049,23497.111896985778,3174.2092139632455,26363258,25149399,25902605,24729374
60,120,10,7,df+ss,df -> iso -> ss,2252467.4559065634,455.50696955736174,38291.94675041158,24726199.790786035,91614.18808277324,0.2988172404438049,23497.111896985778,3174.2092139632455,26363258,25149399,25902605,24729374
60,120,10,7,df+ss,ss -> iso -> df,2252467.4559065634,455.50696955736174,38291.94675041158,24726199.790786035,91614.18808277324,0.2988172404438049,23497.111896985778,3174.2092139632455,26363258,25149399,25902605,24729374
60,120,10,7,df+ss,df -> ss -> iso,2252467.4559065634,455.50696955736174,38291.94675041158,24726199.790786035,91614.18808277324,0.2988172404438049,23497.111896985778,3174.2092139632455,26363258,25149399,25902605,24729374
66,116,8,5,none,iso -> df -> ss,2253931.563705918,462.9287064052438,38316.83658300061,23914019.0,69701.715673922,0.2890434160900397,,,26363258,24783058,25394841,23914019
66,116,8,5,none,df -> iso -> ss,2253931.563705918,462.9287064052438,38316.83658300061,23914019.0,69701.715673922,0.2890434160900397,,,26363258,24783058,25394841,23914019
66,116,8,5,none,ss -> iso -> df,2253931.563705918,462.9287064052438,38316.83658300061,23914019.0,69701.715673922,0.2890434160900397,,,26363258,24783058,25394841,23914019
66,116,8,5,none,df -> ss -> iso,2253931.563705918,462.9287064052438,38316.83658300061,23914019.0,69701.715673922,0.2890434160900397,,,26363258,24783058,25394841,23914019
66,116,8,5,df,iso -> df -> ss,2252223.3647641568,462.57786419728785,38287.797200990666,23914019.0,69701.715673922,0.28926264108575395,17822.900077074068,,26363258,24783058,25394841,23914019
66,116,8,5,df,df -> iso -> ss,2252223.3647641568,462.57786419728785,38287.797200990666,23914019.0,69701.715673922,0.28926264108575395,17822.900077074068,,26363258,24783058,25394841,23914019
66,116,8,5,df,ss -> iso -> df,2252223.3647641568,462.57786419728785,38287.797200990666,23914019.0,69701.715673922,0.28926264108575395,17822.900077074068,,26363258,24783058,25394841,23914019
66,116,8,5,df,df -> ss -> iso,2252223.3647641568,462.57786419728785,38287.797200990666,23914019.0,69701.715673922,0.28926264108575395,17822.900077074068,,26363258,24783058,25394841,23914019
66,116,8,5,ss,iso -> df -> ss,2253751.1683895737,462.91028827149677,38313.76986262276,23912110.599927533,69701.715673922,0.2890434160900397,,1908.4000724660384,26363258,24783058,25394841,23914019
66,116,8,5,ss,df -> iso -> ss,2253751.1683895737,462.91028827149677,38313.76986262276,23912110.599927533,69701.715673922,0.2890434160900397,,1908.4000724660384,26363258,24783058,25394841,23914019
66,116,8,5,ss,ss -> iso -> df,2253751.1683895737,462.91028827149677,38313.76986262276,23912110.599927533,69701.715673922,0.2890434160900397,,1908.4000724660384,26363258,24783058,25394841,23914019
66,116,8,5,ss,df -> ss -> iso,2253751.1683895737,462.91028827149677,38313.76986262276,23912110.599927533,69701.715673922,0.2890434160900397,,1908.4000724660384,26363258,24783058,25394841,23914019
66,116,8,5,df+ss,iso -> df -> ss,2252043.106164958,462.5594600221885,38284.732804804284,23912110.599927533,69701.715673922,0.28926264108575395,17822.900077074068,1908.4000724660384,26363258,24783058,25394841,23914019
66,116,8,5,df+ss,df -> iso -> ss,2252043.106164958,462.5594600221885,38284.732804804284,23912110.599927533,69701.715673922,0.28926264108575395,17822.900077074068,1908.4000724660384,26363258,24783058,25394841,23914019
66,116,8,5,df+ss,ss -> iso -> df,2252043.106164958,462.5594600221885,38284.732804804284,23912110.599927533,69701.715673922,0.28926264108575395,17822.900077074068,1908.4000724660384,26363258,24783058,25394841,23914019
66,116,8,5,df+ss,df -> ss -> iso,2252043.106164958,462.5594600221885,38284.732804804284,23912110.599927533,69701.715673922,0.28926264108575395,17822.900077074068,1908.4000724660384,26363258,24783058,25394841,23914019
66,116,8,6,none,iso -> df -> ss,2254227.919841698,460.15710788004515,38321.874637308865,24209939.0,70767.90579695701,0.2925791966399742,,,26363258,24783058,25709429,24209939
66,116,8,6,none,df -> iso -> ss,2254227.919841698,460.15710788004515,38321.874637308865,24209939.0,70767.90579695701,0.2925791966399742,,,26363258,24783058,25709429,24209939
66,116,8,6,none,ss -> iso -> df,2254227.919841698,460.15710788004515,38321.874637308865,24209939.0,70767.90579695701,0.2925791966399742,,,26363258,24783058,25709429,24209939
66,116,8,6,none,df -> ss -> iso,2254227.919841698,460.15710788004515,38321.874637308865,24209939.0,70767.90579695701,0.2925791966399742,,,26363258,24783058,25709429,24209939
66,116,8,6,df,iso -> df -> ss,2252493.0188473733,459.80296133746185,38292.38132040535,24209939.0,70767.90579695701,0.29280454514712706,18320.73898515242,,26363258,24783058,25709429,24209939
66,116,8,6,df,df -> iso -> ss,2252493.0188473733,459.80296133746185,38292.38132040535,24209939.0,70767.90579695701,0.29280454514712706,18320.73898515242,,26363258,24783058,25709429,24209939
66,116,8,6,df,ss -> iso -> df,2252493.0188473733,459.80296133746185,38292.38132040535,24209939.0,70767.90579695701,0.29280454514712706,18320.73898515242,,26363258,24783058,25709429,24209939
66,116,8,6,df,df -> ss -> iso,2252493.0188473733,459.80296133746185,38292.38132040535,24209939.0,70767.90579695701,0.29280454514712706,18320.73898515242,,26363258,24783058,25709429,24209939
66,116,8,6,ss,iso -> df -> ss,2254034.7034571,460.1375017199432,38318.5899587707,24207869.961938247,70767.90579695701,0.2925791966399742,,2069.0380617538203,26363258,24783058,25709429,24209939
66,116,8,6,ss,df -> iso -> ss,2254034.7034571,460.1375017199432,38318.5899587707,24207869.961938247,70767.90579695701,0.2925791966399742,,2069.0380617538203,26363258,24783058,25709429,24209939
66,116,8,6,ss,ss -> iso -> df,2254034.7034571,460.1375017199432,38318.5899587707,24207869.961938247,70767.90579695701,0.2925791966399742,,2069.0380617538203,26363258,24783058,25709429,24209939
66,116,8,6,ss,df -> ss -> iso,2254034.7034571,460.1375017199432,38318.5899587707,24207869.961938247,70767.90579695701,0.2925791966399742,,2069.0380617538203,26363258,24783058,25709429,24209939
66,116,8,6,df+ss,iso -> df -> ss,2252299.951166149,459.7833702666711,38289.09916982454,24207869.961938247,70767.90579695701,0.29280454514712706,18320.73898515242,2069.0380617538203,26363258,24783058,25709429,24209939
66,116,8,6,df+ss,df -> iso -> ss,2252299.951166149,459.7833702666711,38289.09916982454,24207869.961938247,70767.90579695701,0.29280454514712706,18320.73898515242,2069.0380617538203,26363258,24783058,25709429,24209939
66,116,8,6,df+ss,ss -> iso -> df,2252299.951166149,459.7833702666711,38289.09916982454,24207869.961938247,70767.90579695701,0.29280454514712706,18320.73898515242,2069.0380617538203,26363258,24783058,25709429,24209939
66,116,8,6,df+ss,df -> ss -> iso,2252299.951166149,459.7833702666711,38289.09916982454,24207869.961938247,70767.90579695701,0.29280454514712706,18320.73898515242,2069.0380617538203,26363258,24783058,25709429,24209939
66,116,8,7,none,iso -> df -> ss,2254656.5086804307,458.7192309525361,38329.160647567325,24371335.0,71279.36157112659,0.29447321303666707,,,26363258,24783058,25881241,24371335
66,116,8,7,none,df -> iso -> ss,2254656.5086804307,458.7192309525361,38329.160647567325,24371335.0,71279.36157112659,0.29447321303666707,,,26363258,24783058,25881241,24371335
66,116,8,7,none,ss -> iso -> df,2254656.5086804307,458.7192309525361,38329.160647567325,24371335.0,71279.36157112659,0.29447321303666707,,,26363258,24783058,25881241,24371335
66,116,8,7,none,df -> ss -> iso,2254656.5086804307,458.7192309525361,38329.160647567325,24371335.0,71279.36157112659,0.29447321303666707,,,26363258,24783058,25881241,24371335
66,116,8,7,df,iso -> df -> ss,2252899.6612635404,458.361793048858,38299.29424148019,24371335.0,71279.36157112659,0.2947028479878201,18669.225082064033,,26363258,24783058,25881241,24371335
66,116,8,7,df,df -> iso -> ss,2252899.6612635404,458.361793048858,38299.29424148019,24371335.0,71279.36157112659,0.2947028479878201,18669.225082064033,,26363258,24783058,25881241,24371335
66,116,8,7,df,ss -> iso -> df,2252899.6612635404,458.361793048858,38299.29424148019,24371335.0,71279.36157112659,0.2947028479878201,18669.225082064033,,26363258,24783058,25881241,24371335
66,116,8,7,df,df -> ss -> iso,2252899.6612635404,458.361793048858,38299.29424148019,24371335.0,71279.36157112659,0.2947028479878201,18669.225082064033,,26363258,24783058,25881241,24371335
66,116,8,7,ss,iso -> df -> ss,2254454.302050285,458.69878057882073,38325.723134854845,24369155.673639607,71279.36157112659,0.29447321303666707,,2179.3263603947385,26363258,24783058,25881241,24371335
66,116,8,7,ss,df -> iso -> ss,2254454.302050285,458.69878057882073,38325.723134854845,24369155.673639607,71279.36157112659,0.29447321303666707,,2179.3263603947385,26363258,24783058,25881241,24371335
66,116,8,7,ss,ss -> iso -> df,2254454.302050285,458.69878057882073,38325.723134854845,24369155.673639607,71279.36157112659,0.29447321303666707,,2179.3263603947385,26363258,24783058,25881241,24371335
66,116,8,7,ss,df -> ss -> iso,2254454.302050285,458.69878057882073,38325.723134854845,24369155.673639607,71279.36157112659,0.29447321303666707,,2179.3263603947385,26363258,24783058,25881241,24371335
66,116,8,7,df+ss,iso -> df -> ss,2252697.6121945106,458.34135861024674,38295.859407306685,24369155.673639607,71279.36157112659,0.2947028479878201,18669.225082064033,2179.3263603947385,26363258,24783058,25881241,24371335
66,116,8,7,df+ss,df -> iso -> ss,2252697.6121945106,458.34135861024674,38295.859407306685,24369155.673639607,71279.36157112659,0.2947028479878201,18669.225082064033,2179.3263603947385,26363258,24783058,25881241,24371335
66,116,8,7,df+ss,ss -> iso -> df,2252697.6121945106,458.34135861024674,38295.859407306685,24369155.673639607,71279.36157112659,0.2947028479878201,18669.225082064033,2179.3263603947385,26363258,24783058,25881241,24371335
66,116,8,7,df+ss,df -> ss -> iso,2252697.6121945106,458.34135861024674,38295.859407306685,24369155.673639607,71279.36157112659,0.2947028479878201,18669.225082064033,2179.3263603947385,26363258,24783058,25881241,24371335
66,116,9,5,none,iso -> df -> ss,2254874.1046474013,463.02224748233755,38332.85977900583,23924276.0,69705.54553341113,0.28904683357890204,,,26363258,24783058,25406311,23924276
66,116,9,5,none,df -> iso -> ss,2254874.1046474013,463.02224748233755,38332.85977900583,23924276.0,69705.54553341113,0.28904683357890204,,,26363258,24783058,25406311,23924276
66,116,9,5,none,ss -> iso -> df,2254874.1046474013,463.02224748233755,38332.85977900583,23924276.0,69705.54553341113,0.28904683357890204,,,26363258,24783058,25406311,23924276
66,116,9,5,none,df -> ss -> iso,2254874.1046474013,463.02224748233755,38332.85977900583,23924276.0,69705.54553341113,0.28904683357890204,,,26363258,24783058,25406311,23924276
66,116,9,5,df,iso -> df -> ss,2253126.4055094603,462.6633699817691,38303.14889366083,23924276.0,69705.54553341113,0.2892710406631718,18227.941784154056,,26363258,24783058,25406311,23924276
66,116,9,5,df,df -> iso -> ss,2253126.4055094603,462.6633699817691,38303.14889366083,23924276.0,69705.54553341113,0.2892710406631718,18227.941784154056,,26363258,24783058,25406311,23924276
66,116,9,5,df,ss -> iso -> df,2253126.4055094603,462.6633699817691,38303.14889366083,23924276.0,69705.54553341113,0.2892710406631718,18227.941784154056,,26363258,24783058,25406311,23924276
66,116,9,5,df,df -> ss -> iso,2253126.4055094603,462.6633699817691,38303.14889366083,23924276.0,69705.54553341113,0.2892710406631718,18227.941784154056,,26363258,24783058,25406311,23924276
66,116,9,5,ss,iso -> df -> ss,2254681.671860654,463.00260451359696,38329.58842163112,23922240.23159069,69705.54553341113,0.28904683357890204,,2035.768409310745,26363258,24783058,25406311,23924276
66,116,9,5,ss,df -> iso -> ss,2254681.671860654,463.00260451359696,38329.58842163112,23922240.23159069,69705.54553341113,0.28904683357890204,,2035.768409310745,26363258,24783058,25406311,23924276
66,116,9,5,ss,ss -> iso -> df,2254681.671860654,463.00260451359696,38329.58842163112,23922240.23159069,69705.54553341113,0.28904683357890204,,2035.768409310745,26363258,24783058,25406311,23924276
66,116,9,5,ss,df -> ss -> iso,2254681.671860654,463.00260451359696,38329.58842163112,23922240.23159069,69705.54553341113,0.28904683357890204,,2035.768409310745,26363258,24783058,25406311,23924276
66,116,9,5,df+ss,iso -> df -> ss,2252934.121872776,462.6437422378251,38299.8800718372,23922240.23159069,69705.54553341113,0.2892710406631718,18227.941784154056,2035.768409310745,26363258,24783058,25406311,23924276
66,116,9,5,df+ss,df -> iso -> ss,2252934.121872776,462.6437422378251,38299.8800718372,23922240.23159069,69705.54553341113,0.2892710406631718,18227.941784154056,2035.768409310745,26363258,24783058,25406311,23924276
66,116,9,5,df+ss,ss -> iso -> df,2252934.121872776,462.6437422378251,38299.8800718372,23922240.23159069,69705.54553341113,0.2892710406631718,18227.941784154056,2035.768409310745,26363258,24783058,25406311,23924276
66,116,9,5,df+ss,df -> ss -> iso,2252934.121872776,462.6437422378251,38299.8800718372,23922240.23159069,69705.54553341113,0.2892710406631718,18227.941784154056,2035.768409310745,26363258,24783058,25406311,23924276
66,116,9,6,none,iso -> df -> ss,2255225.885661927,460.25556641749284,38338.84005625276,24220933.0,70773.22840056646,0.2925828561622548,,,26363258,24783058,25721743,24220933
66,116,9,6,none,df -> iso -> ss,2255225.885661927,460.25556641749284,38338.84005625276,24220933.0,70773.22840056646,0.2925828561622548,,,26363258,24783058,25721743,24220933
66,116,9,6,none,ss -> iso -> df,2255225.885661927,460.25556641749284,38338.84005625276,24220933.0,70773.22840056646,0.2925828561622548,,,26363258,24783058,25721743,24220933
66,116,9,6,none,df -> ss -> iso,2255225.885661927,460.25556641749284,38338.84005625276,24220933.0,70773.22840056646,0.2925828561622548,,,26363258,24783058,25721743,24220933
66,116,9,6,df,iso -> df -> ss,2253446.930023339,459.8925099980559,38308.597810396765,24220933.0,70773.22840056646,0.2928138320573555,18778.24326180623,,26363258,24783058,25721743,24220933
66,116,9,6,df,df -> iso -> ss,2253446.930023339,459.8925099980559,38308.597810396765,24220933.0,70773.22840056646,0.2928138320573555,18778.24326180623,,26363258,24783058,25721743,24220933
66,116,9,6,df,ss -> iso -> df,2253446.930023339,459.8925099980559,38308.597810396765,24220933.0,70773.22840056646,0.2928138320573555,18778.24326180623,,26363258,24783058,25721743,24220933
66,116,9,6,df,df -> ss -> iso,2253446.930023339,459.8925099980559,38308.597810396765,24220933.0,70773.22840056646,0.2928138320573555,18778.24326180623,,26363258,24783058,25721743,24220933
66,116,9,6,ss,iso -> df -> ss,2255019.1900767707,460.2345972065749,38335.3262313051,24218719.593601402,70773.22840056646,0.2925828561622548,,2213.4063985985267,26363258,24783058,25721743,24220933
66,116,9,6,ss,df -> iso -> ss,2255019.1900767707,460.2345972065749,38335.3262313051,24218719.593601402,70773.22840056646,0.2925828561622548,,2213.4063985985267,26363258,24783058,25721743,24220933
66,116,9,6,ss,ss -> iso -> df,2255019.1900767707,460.2345972065749,38335.3262313051,24218719.593601402,70773.22840056646,0.2925828561622548,,2213.4063985985267,26363258,24783058,25721743,24220933
66,116,9,6,ss,df -> ss -> iso,2255019.1900767707,460.2345972065749,38335.3262313051,24218719.593601402,70773.22840056646,0.2925828561622548,,2213.4063985985267,26363258,24783058,25721743,24220933
66,116,9,6,df+ss,iso -> df -> ss,2253240.397482727,459.8715573279627,38305.086757206365,24218719.593601402,70773.22840056646,0.2928138320573555,18778.24326180623,2213.4063985985267,26363258,24783058,25721743,24220933
66,116,9,6,df+ss,df -> iso -> ss,2253240.397482727,459.8715573279627,38305.086757206365,24218719.593601402,70773.22840056646,0.2928138320573555,18778.24326180623,2213.4063985985267,26363258,24783058,25721743,24220933
66,116,9,6,df+ss,ss -> iso -> df,2253240.397482727,459.8715573279627,38305.086757206365,24218719.593601402,70773.22840056646,0.2928138320573555,18778.24326180623,2213.4063985985267,26363258,24783058,25721743,24220933
66,116,9,6,df+ss,df -> ss -> iso,2253240.397482727,459.8715573279627,38305.086757206365,24218719.593601402,70773.22840056646,0.2928138320573555,18778.24326180623,2213.4063985985267,26363258,24783058,25721743,24220933
66,116,9,7,none,iso -> df -> ss,2255710.366764161,458.822721967316,38347.07623499074,24383037.0,71285.94491273936,0.29447729774868053,,,26363258,24783058,25894369,24383037
66,116,9,7,none,df -> iso -> ss,2255710.366764161,458.822721967316,38347.07623499074,24383037.0,71285.94491273936,0.29447729774868053,,,26363258,24783058,25894369,24383037
66,116,9,7,none,ss -> iso -> df,2255710.366764161,458.822721967316,38347.07623499074,24383037.0,71285.94491273936,0.29447729774868053,,,26363258,24783058,25894369,24383037
66,116,9,7,none,df -> ss -> iso,2255710.366764161,458.822721967316,38347.07623499074,24383037.0,71285.94491273936,0.29447729774868053,,,26363258,24783058,25894369,24383037
66,116,9,7,df,iso -> df -> ss,2253906.343577749,458.45577466722045,38316.40784082174,24383037.0,71285.94491273936,0.2947129969269202,19162.24419723201,,26363258,24783058,25894369,24383037
66,116,9,7,df,df -> iso -> ss,2253906.343577749,458.45577466722045,38316.40784082174,24383037.0,71285.94491273936,0.2947129969269202,19162.24419723201,,26363258,24783058,25894369,24383037
66,116,9,7,df,ss -> iso -> df,2253906.343577749,458.45577466722045,38316.40784082174,24383037.0,71285.94491273936,0.2947129969269202,19162.24419723201,,26363258,24783058,25894369,24383037
66,116,9,7,df,df -> ss -> iso,2253906.343577749,458.45577466722045,38316.40784082174,24383037.0,71285.94491273936,0.2947129969269202,19162.24419723201,,26363258,24783058,25894369,24383037
66,116,9,7,ss,iso -> df -> ss,2255493.5955213965,458.8008038007238,38343.391123863745,24380700.66792136,71285.94491273936,0.29447729774868053,,2336.3320786376125,26363258,24783058,25894369,24383037
66,116,9,7,ss,df -> iso -> ss,2255493.5955213965,458.8008038007238,38343.391123863745,24380700.66792136,71285.94491273936,0.29447729774868053,,2336.3320786376125,26363258,24783058,25894369,24383037
66,116,9,7,ss,ss -> iso -> df,2255493.5955213965,458.8008038007238,38343.391123863745,24380700.66792136,71285.94491273936,0.29447729774868053,,2336.3320786376125,26363258,24783058,25894369,24383037
66,116,9,7,ss,df -> ss -> iso,2255493.5955213965,458.8008038007238,38343.391123863745,24380700.66792136,71285.94491273936,0.29447729774868053,,2336.3320786376125,26363258,24783058,25894369,24383037
66,116,9,7,df+ss,iso -> df -> ss,2253689.7456995947,458.4338740298649,38312.72567689311,24380700.66792136,71285.94491273936,0.2947129969269202,19162.24419723201,2336.3320786376125,26363258,24783058,25894369,24383037
66,116,9,7,df+ss,df -> iso -> ss,2253689.7456995947,458.4338740298649,38312.72567689311,24380700.66792136,71285.94491273936,0.2947129969269202,19162.24419723201,2336.3320786376125,26363258,24783058,25894369,24383037
66,116,9,7,df+ss,ss -> iso -> df,2253689.7456995947,458.4338740298649,38312.72567689311,24380700.66792136,71285.94491273936,0.2947129969269202,19162.24419723201,2336.3320786376125,26363258,24783058,25894369,24383037
66,116,9,7,df+ss,df -> ss -> iso,2253689.7456995947,458.4338740298649,38312.72567689311,24380700.66792136,71285.94491273936,0.2947129969269202,19162.24419723201,2336.3320786376125,26363258,24783058,25894369,24383037
66,116,10,5,none,iso -> df -> ss,2255456.783504076,463.08069227187485,38342.76531956929,23930553.0,69708.03847856067,0.28904816951248846,,,26363258,24783058,25413480,23930553
66,116,10,5,none,df -> iso -> ss,2255456.783504076,463.08069227187485,38342.76531956929,23930553.0,69708.03847856067,0.28904816951248846,,,26363258,24783058,25413480,23930553
66,116,10,5,none,ss -> iso -> df,2255456.783504076,463.08069227187485,38342.76531956929,23930553.0,69708.03847856067,0.28904816951248846,,,26363258,24783058,25413480,23930553
66,116,10,5,none,df -> ss -> iso,2255456.783504076,463.08069227187485,38342.76531956929,23930553.0,69708.03847856067,0.28904816951248846,,,26363258,24783058,25413480,23930553
66,116,10,5,df,iso -> df -> ss,2253680.739774575,462.7160426072137,38312.572576167775,23930553.0,69708.03847856067,0.28927595784999616,18519.096168275835,,26363258,24783058,25413480,23930553
66,116,10,5,df,df -> iso -> ss,2253680.739774575,462.7160426072137,38312.572576167775,23930553.0,69708.03847856067,0.28927595784999616,18519.096168275835,,26363258,24783058,25413480,23930553
66,116,10,5,df,ss -> iso -> df,2253680.739774575,462.7160426072137,38312.572576167775,23930553.0,69708.03847856067,0.28927595784999616,18519.096168275835,,26363258,24783058,25413480,23930553
66,116,10,5,df,df -> ss -> iso,2253680.739774575,462.7160426072137,38312.572576167775,23930553.0,69708.03847856067,0.28927595784999616,18519.096168275835,,26363258,24783058,25413480,23930553
66,116,10,5,ss,iso -> df -> ss,2255254.237385024,463.06001964615655,38339.32203554541,23928410.23159069,69708.03847856067,0.28904816951248846,,2142.768409310745,26363258,24783058,25413480,23930553
66,116,10,5,ss,df -> iso -> ss,2255254.237385024,463.06001964615655,38339.32203554541,23928410.23159069,69708.03847856067,0.28904816951248846,,2142.768409310745,26363258,24783058,25413480,23930553
66,116,10,5,ss,ss -> iso -> df,2255254.237385024,463.06001964615655,38339.32203554541,23928410.23159069,69708.03847856067,0.28904816951248846,,2142.768409310745,26363258,24783058,25413480,23930553
66,116,10,5,ss,df -> ss -> iso,2255254.237385024,463.06001964615655,38339.32203554541,23928410.23159069,69708.03847856067,0.28904816951248846,,2142.768409310745,26363258,24783058,25413480,23930553
66,116,10,5,df+ss,iso -> df -> ss,2253478.3531490527,462.6953862600105,38309.1320035339,23928410.23159069,69708.03847856067,0.28927595784999616,18519.096168275835,2142.768409310745,26363258,24783058,25413480,23930553
66,116,10,5,df+ss,df -> iso -> ss,2253478.3531490527,462.6953862600105,38309.1320035339,23928410.23159069,69708.03847856067,0.28927595784999616,18519.096168275835,2142.768409310745,26363258,24783058,25413480,23930553
66,116,10,5,df+ss,ss -> iso -> df,2253478.3531490527,462.6953862600105,38309.1320035339,23928410.23159069,69708.03847856067,0.28927595784999616,18519.096168275835,2142.768409310745,26363258,24783058,25413480,23930553
66,116,10,5,df+ss,df -> ss -> iso,2253478.3531490527,462.6953862600105,38309.1320035339,23928410.23159069,69708.03847856067,0.28927595784999616,18519.096168275835,2142.768409310745,26363258,24783058,25413480,23930553
66,116,10,6,none,iso -> df -> ss,2255849.4839442824,460.31771519073135,38349.441227052805,24227734.0,70775.721345716,0.2925843178698509,,,26363258,24783058,25729532,24227734
66,116,10,6,none,df -> iso -> ss,2255849.4839442824,460.31771519073135,38349.441227052805,24227734.0,70775.721345716,0.2925843178698509,,,26363258,24783058,25729532,24227734
66,116,10,6,none,ss -> iso -> df,2255849.4839442824,460.31771519073135,38349.441227052805,24227734.0,70775.721345716,0.2925843178698509,,,26363258,24783058,25729532,24227734
66,116,10,6,none,df -> ss -> iso,2255849.4839442824,460.31771519073135,38349.441227052805,24227734.0,70775.721345716,0.2925843178698509,,,26363258,24783058,25729532,24227734
66,116,10,6,df,iso -> df -> ss,2254037.562790181,459.94798333951616,38318.63856743308,24227734.0,70775.721345716,0.2928195134689209,19121.303422240337,,26363258,24783058,25729532,24227734
66,116,10,6,df,df -> iso -> ss,2254037.562790181,459.94798333951616,38318.63856743308,24227734.0,70775.721345716,0.2928195134689209,19121.303422240337,,26363258,24783058,25729532,24227734
66,116,10,6,df,ss -> iso -> df,2254037.562790181,459.94798333951616,38318.63856743308,24227734.0,70775.721345716,0.2928195134689209,19121.303422240337,,26363258,24783058,25729532,24227734
66,116,10,6,df,df -> ss -> iso,2254037.562790181,459.94798333951616,38318.63856743308,24227734.0,70775.721345716,0.2928195134689209,19121.303422240337,,26363258,24783058,25729532,24227734
66,116,10,6,ss,iso -> df -> ss,2255631.8635795405,460.2956407284902,38345.74168085219,24225403.593601402,70775.721345716,0.2925843178698509,,2330.4063985985267,26363258,24783058,25729532,24227734
66,116,10,6,ss,df -> iso -> ss,2255631.8635795405,460.2956407284902,38345.74168085219,24225403.593601402,70775.721345716,0.2925843178698509,,2330.4063985985267,26363258,24783058,25729532,24227734
66,116,10,6,ss,ss -> iso -> df,2255631.8635795405,460.2956407284902,38345.74168085219,24225403.593601402,70775.721345716,0.2925843178698509,,2330.4063985985267,26363258,24783058,25729532,24227734
66,116,10,6,ss,df -> ss -> iso,2255631.8635795405,460.2956407284902,38345.74168085219,24225403.593601402,70775.721345716,0.2925843178698509,,2330.4063985985267,26363258,24783058,25729532,24227734
66,116,10,6,df+ss,iso -> df -> ss,2253820.1172203203,459.92592660770663,38314.94199274545,24225403.593601402,70775.721345716,0.2928195134689209,19121.303422240337,2330.4063985985267,26363258,24783058,25729532,24227734
66,116,10,6,df+ss,df -> iso -> ss,2253820.1172203203,459.92592660770663,38314.94199274545,24225403.593601402,70775.721345716,0.2928195134689209,19121.303422240337,2330.4063985985267,26363258,24783058,25729532,24227734
66,116,10,6,df+ss,ss -> iso -> df,2253820.1172203203,459.92592660770663,38314.94199274545,24225403.593601402,70775.721345716,0.2928195134689209,19121.303422240337,2330.4063985985267,26363258,24783058,25729532,24227734
66,116,10,6,df+ss,df -> ss -> iso,2253820.1172203203,459.92592660770663,38314.94199274545,24225403.593601402,70775.721345716,0.2928195134689209,19121.303422240337,2330.4063985985267,26363258,24783058,25729532,24227734
66,116,10,7,none,iso -> df -> ss,2256364.3131462364,458.88760915856017,38358.19332348602,24390222.0,71288.4378578889,0.29447892470168047,,,26363258,24783058,25902605,24390222
66,116,10,7,none,df -> iso -> ss,2256364.3131462364,458.88760915856017,38358.19332348602,24390222.0,71288.4378578889,0.29447892470168047,,,26363258,24783058,25902605,24390222
66,116,10,7,none,ss -> iso -> df,2256364.3131462364,458.88760915856017,38358.19332348602,24390222.0,71288.4378578889,0.29447892470168047,,,26363258,24783058,25902605,24390222
66,116,10,7,none,df -> ss -> iso,2256364.3131462364,458.88760915856017,38358.19332348602,24390222.0,71288.4378578889,0.29447892470168047,,,26363258,24783058,25902605,24390222
66,116,10,7,df,iso -> df -> ss,2254524.4701141496,458.513431475771,38326.91599194054,24390222.0,71288.4378578889,0.2947192392358054,19537.470692254137,,26363258,24783058,25902605,24390222
66,116,10,7,df,df -> iso -> ss,2254524.4701141496,458.513431475771,38326.91599194054,24390222.0,71288.4378578889,0.2947192392358054,19537.470692254137,,26363258,24783058,25902605,24390222
66,116,10,7,df,ss -> iso -> df,2254524.4701141496,458.513431475771,38326.91599194054,24390222.0,71288.4378578889,0.2947192392358054,19537.470692254137,,26363258,24783058,25902605,24390222
66,116,10,7,df,df -> ss -> iso,2254524.4701141496,458.513431475771,38326.91599194054,24390222.0,71288.4378578889,0.2947192392358054,19537.470692254137,,26363258,24783058,25902605,24390222
66,116,10,7,ss,iso -> df -> ss,2256135.4814142697,458.8644749011125,38354.30318404259,24387755.66792136,71288.4378578889,0.29447892470168047,,2466.3320786376125,26363258,24783058,25902605,24390222
66,116,10,7,ss,df -> iso -> ss,2256135.4814142697,458.8644749011125,38354.30318404259,24387755.66792136,71288.4378578889,0.29447892470168047,,2466.3320786376125,26363258,24783058,25902605,24390222
66,116,10,7,ss,ss -> iso -> df,2256135.4814142697,458.8644749011125,38354.30318404259,24387755.66792136,71288.4378578889,0.29447892470168047,,2466.3320786376125,26363258,24783058,25902605,24390222
66,116,10,7,ss,df -> ss -> iso,2256135.4814142697,458.8644749011125,38354.30318404259,24387755.66792136,71288.4378578889,0.29447892470168047,,2466.3320786376125,26363258,24783058,25902605,24390222
66,116,10,7,df+ss,iso -> df -> ss,2254295.824971939,458.4903160820334,38323.02902452296,24387755.66792136,71288.4378578889,0.2947192392358054,19537.470692254137,2466.3320786376125,26363258,24783058,25902605,24390222
66,116,10,7,df+ss,df -> iso -> ss,2254295.824971939,458.4903160820334,38323.02902452296,24387755.66792136,71288.4378578889,0.2947192392358054,19537.470692254137,2466.3320786376125,26363258,24783058,25902605,24390222
66,116,10,7,df+ss,ss -> iso -> df,2254295.824971939,458.4903160820334,38323.02902452296,24387755.66792136,71288.4378578889,0.2947192392358054,19537.470692254137,2466.3320786376125,26363258,24783058,25902605,24390222
66,116,10,7,df+ss,df -> ss -> iso,2254295.824971939,458.4903160820334,38323.02902452296,24387755.66792136,71288.4378578889,0.2947192392358054,19537.470692254137,2466.3320786376125,26363258,24783058,25902605,24390222
70,110,8,5,none,iso -> df -> ss,2254581.0587598216,466.12402991673395,38327.87799891697,23558422.0,54540.08842098635,0.2848345431604853,,,26363258,24392267,25394841,23558422
70,110,8,5,none,df -> iso -> ss,2254581.0587598216,466.12402991673395,38327.87799891697,23558422.0,54540.08842098635,0.2848345431604853,,,26363258,24392267,25394841,23558422
70,110,8,5,none,ss -> iso -> df,2254581.0587598216,466.12402991673395,38327.87799891697,23558422.0,54540.08842098635,0.2848345431604853,,,26363258,24392267,25394841,23558422
70,110,8,5,none,df -> ss -> iso,2254581.0587598216,466.12402991673395,38327.87799891697,23558422.0,54540.08842098635,0.2848345431604853,,,26363258,24392267,25394841,23558422
70,110,8,5,df,iso -> df -> ss,2253130.772751818,465.82419010571635,38303.22313678091,23558422.0,54540.08842098635,0.2850178842952021,14905.557249200348,,26363258,24392267,25394841,23558422
70,110,8,5,df,df -> iso -> ss,2253130.772751818,465.82419010571635,38303.22313678091,23558422.0,54540.08842098635,0.2850178842952021,14905.557249200348,,26363258,24392267,25394841,23558422
70,110,8,5,df,ss -> iso -> df,2253130.772751818,465.82419010571635,38303.22313678091,23558422.0,54540.08842098635,0.2850178842952021,14905.557249200348,,26363258,24392267,25394841,23558422
70,110,8,5,df,df -> ss -> iso,2253130.772751818,465.82419010571635,38303.22313678091,23558422.0,54540.08842098635,0.2850178842952021,14905.557249200348,,26363258,24392267,25394841,23558422
70,110,8,5,ss,iso -> df -> ss,2254432.666022041,466.1087607783838,38325.3553223747,23556875.01397713,54540.08842098635,0.2848345431604853,,1546.9860228725822,26363258,24392267,25394841,23558422
70,110,8,5,ss,df -> iso -> ss,2254432.666022041,466.1087607783838,38325.3553223747,23556875.01397713,54540.08842098635,0.2848345431604853,,1546.9860228725822,26363258,24392267,25394841,23558422
70,110,8,5,ss,ss -> iso -> df,2254432.666022041,466.1087607783838,38325.3553223747,23556875.01397713,54540.08842098635,0.2848345431604853,,1546.9860228725822,26363258,24392267,25394841,23558422
70,110,8,5,ss,df -> ss -> iso,2254432.666022041,466.1087607783838,38325.3553223747,23556875.01397713,54540.08842098635,0.2848345431604853,,1546.9860228725822,26363258,24392267,25394841,23558422
70,110,8,5,df+ss,iso -> df -> ss,2252982.4754694263,465.8089307894206,38300.70208298025,23556875.01397713,54540.08842098635,0.2850178842952021,14905.557249200348,1546.9860228725822,26363258,24392267,25394841,23558422
70,110,8,5,df+ss,df -> iso -> ss,2252982.4754694263,465.8089307894206,38300.70208298025,23556875.01397713,54540.08842098635,0.2850178842952021,14905.557249200348,1546.9860228725822,26363258,24392267,25394841,23558422
70,110,8,5,df+ss,ss -> iso -> df,2252982.4754694263,465.8089307894206,38300.70208298025,23556875.01397713,54540.08842098635,0.2850178842952021,14905.557249200348,1546.9860228725822,26363258,24392267,25394841,23558422
70,110,8,5,df+ss,df -> ss -> iso,2252982.4754694263,465.8089307894206,38300.70208298025,23556875.01397713,54540.08842098635,0.2850178842952021,14905.557249200348,1546.9860228725822,26363258,24392267,25394841,23558422
70,110,8,6,none,iso -> df -> ss,2254865.690584563,463.33220136110384,38332.716739937576,23849582.0,55340.539484604575,0.288316900476138,,,26363258,24392267,25709429,23849582
70,110,8,6,none,df -> iso -> ss,2254865.690584563,463.33220136110384,38332.716739937576,23849582.0,55340.539484604575,0.288316900476138,,,26363258,24392267,25709429,23849582
70,110,8,6,none,ss -> iso -> df,2254865.690584563,463.33220136110384,38332.716739937576,23849582.0,55340.539484604575,0.288316900476138,,,26363258,24392267,25709429,23849582
70,110,8,6,none,df -> ss -> iso,2254865.690584563,463.33220136110384,38332.716739937576,23849582.0,55340.539484604575,0.288316900476138,,,26363258,24392267,25709429,23849582
70,110,8,6,df,iso -> df -> ss,2253395.262672667,463.03005626917815,38307.71946543534,23849582.0,55340.539484604575,0.28850503844951275,15295.538217418565,,26363258,24392267,25709429,23849582
70,110,8,6,df,df -> iso -> ss,2253395.262672667,463.03005626917815,38307.71946543534,23849582.0,55340.539484604575,0.28850503844951275,15295.538217418565,,26363258,24392267,25709429,23849582
70,110,8,6,df,ss -> iso -> df,2253395.262672667,463.03005626917815,38307.71946543534,23849582.0,55340.539484604575,0.28850503844951275,15295.538217418565,,26363258,24392267,25709429,23849582
70,110,8,6,df,df -> ss -> iso,2253395.262672667,463.03005626917815,38307.71946543534,23849582.0,55340.539484604575,0.28850503844951275,15295.538217418565,,26363258,24392267,25709429,23849582
70,110,8,6,ss,iso -> df -> ss,2254707.217601195,463.3159948637241,38330.02269922032,23847909.729918912,55340.539484604575,0.288316900476138,,1672.2700810889557,26363258,24392267,25709429,23849582
70,110,8,6,ss,df -> iso -> ss,2254707.217601195,463.3159948637241,38330.02269922032,23847909.729918912,55340.539484604575,0.288316900476138,,1672.2700810889557,26363258,24392267,25709429,23849582
70,110,8,6,ss,ss -> iso -> df,2254707.217601195,463.3159948637241,38330.02269922032,23847909.729918912,55340.539484604575,0.288316900476138,,1672.2700810889557,26363258,24392267,25709429,23849582
70,110,8,6,ss,df -> ss -> iso,2254707.217601195,463.3159948637241,38330.02269922032,23847909.729918912,55340.539484604575,0.288316900476138,,1672.2700810889557,26363258,24392267,25709429,23849582
70,110,8,6,df+ss,iso -> df -> ss,2253236.893031639,463.0138603402709,38305.027181537866,23847909.729918912,55340.539484604575,0.28850503844951275,15295.538217418565,1672.2700810889557,26363258,24392267,25709429,23849582
70,110,8,6,df+ss,df -> iso -> ss,2253236.893031639,463.0138603402709,38305.027181537866,23847909.729918912,55340.539484604575,0.28850503844951275,15295.538217418565,1672.2700810889557,26363258,24392267,25709429,23849582
70,110,8,6,df+ss,ss -> iso -> df,2253236.893031639,463.0138603402709,38305.027181537866,23847909.729918912,55340.539484604575,0.28850503844951275,15295.538217418565,1672.2700810889557,26363258,24392267,25709429,23849582
70,110,8,6,df+ss,df -> ss -> iso,2253236.893031639,463.0138603402709,38305.027181537866,23847909.729918912,55340.539484604575,0.28850503844951275,15295.538217418565,1672.2700810889557,26363258,24392267,25709429,23849582
70,110,8,7,none,iso -> df -> ss,2255276.0587311713,461.88390225826197,38339.69299842991,24008221.0,55742.33951518333,0.290181463652707,,,26363258,24392267,25881241,24008221
70,110,8,7,none,df -> iso -> ss,2255276.0587311713,461.88390225826197,38339.69299842991,24008221.0,55742.33951518333,0.290181463652707,,,26363258,24392267,25881241,24008221
70,110,8,7,none,ss -> iso -> df,2255276.0587311713,461.88390225826197,38339.69299842991,24008221.0,55742.33951518333,0.290181463652707,,,26363258,24392267,25881241,24008221
70,110,8,7,none,df -> ss -> iso,2255276.0587311713,461.88390225826197,38339.69299842991,24008221.0,55742.33951518333,0.290181463652707,,,26363258,24392267,25881241,24008221
70,110,8,7,df,iso -> df -> ss,2253787.41429648,461.57902565661124,38314.38604304016,24008221.0,55742.33951518333,0.2903731308073716,15582.45917402485,,26363258,24392267,25881241,24008221
70,110,8,7,df,df -> iso -> ss,2253787.41429648,461.57902565661124,38314.38604304016,24008221.0,55742.33951518333,0.2903731308073716,15582.45917402485,,26363258,24392267,25881241,24008221
70,110,8,7,df,ss -> iso -> df,2253787.41429648,461.57902565661124,38314.38604304016,24008221.0,55742.33951518333,0.2903731308073716,15582.45917402485,,26363258,24392267,25881241,24008221
70,110,8,7,df,df -> ss -> iso,2253787.41429648,461.57902565661124,38314.38604304016,24008221.0,55742.33951518333,0.2903731308073716,15582.45917402485,,26363258,24392267,25881241,24008221
70,110,8,7,ss,iso -> df -> ss,2255109.551084218,461.8669304315704,38336.86236843171,24006452.5819631,55742.33951518333,0.290181463652707,,1768.4180368991047,26363258,24392267,25881241,24008221
70,110,8,7,ss,df -> iso -> ss,2255109.551084218,461.8669304315704,38336.86236843171,24006452.5819631,55742.33951518333,0.290181463652707,,1768.4180368991047,26363258,24392267,25881241,24008221
70,110,8,7,ss,ss -> iso -> df,2255109.551084218,461.8669304315704,38336.86236843171,24006452.5819631,55742.33951518333,0.290181463652707,,1768.4180368991047,26363258,24392267,25881241,24008221
70,110,8,7,ss,df -> ss -> iso,2255109.551084218,461.8669304315704,38336.86236843171,24006452.5819631,55742.33951518333,0.290181463652707,,1768.4180368991047,26363258,24392267,25881241,24008221
70,110,8,7,df+ss,iso -> df -> ss,2253621.0165565517,461.5620650325461,38311.557281461384,24006452.5819631,55742.33951518333,0.2903731308073716,15582.45917402485,1768.4180368991047,26363258,24392267,25881241,24008221
70,110,8,7,df+ss,df -> iso -> ss,2253621.0165565517,461.5620650325461,38311.557281461384,24006452.5819631,55742.33951518333,0.2903731308073716,15582.45917402485,1768.4180368991047,26363258,24392267,25881241,24008221
70,110,8,7,df+ss,ss -> iso -> df,2253621.0165565517,461.5620650325461,38311.557281461384,24006452.5819631,55742.33951518333,0.2903731308073716,15582.45917402485,1768.4180368991047,26363258,24392267,25881241,24008221
70,110,8,7,df+ss,df -> ss -> iso,2253621.0165565517,461.5620650325461,38311.557281461384,24006452.5819631,55742.33951518333,0.2903731308073716,15582.45917402485,1768.4180368991047,26363258,24392267,25881241,24008221
70,110,9,5,none,iso -> df -> ss,2255500.3663144615,466.21590467261876,38343.506227345846,23568287.0,54543.2342330898,0.28483791226684363,,,26363258,24392267,25406311,23568287
70,110,9,5,none,df -> iso -> ss,2255500.3663144615,466.21590467261876,38343.506227345846,23568287.0,54543.2342330898,0.28483791226684363,,,26363258,24392267,25406311,23568287
70,110,9,5,none,ss -> iso -> df,2255500.3663144615,466.21590467261876,38343.506227345846,23568287.0,54543.2342330898,0.28483791226684363,,,26363258,24392267,25406311,23568287
70,110,9,5,none,df -> ss -> iso,2255500.3663144615,466.21590467261876,38343.506227345846,23568287.0,54543.2342330898,0.28483791226684363,,,26363258,24392267,25406311,23568287
70,110,9,5,df,iso -> df -> ss,2254017.813002539,465.9094582876541,38318.302821043166,23568287.0,54543.2342330898,0.2850252610037331,15231.373622644896,,26363258,24392267,25406311,23568287
70,110,9,5,df,df -> iso -> ss,2254017.813002539,465.9094582876541,38318.302821043166,23568287.0,54543.2342330898,0.2850252610037331,15231.373622644896,,26363258,24392267,25406311,23568287
70,110,9,5,df,ss -> iso -> df,2254017.813002539,465.9094582876541,38318.302821043166,23568287.0,54543.2342330898,0.2850252610037331,15231.373622644896,,26363258,24392267,25406311,23568287
70,110,9,5,df,df -> ss -> iso,2254017.813002539,465.9094582876541,38318.302821043166,23568287.0,54543.2342330898,0.2850252610037331,15231.373622644896,,26363258,24392267,25406311,23568287
70,110,9,5,ss,iso -> df -> ss,2255341.9640455437,466.1996089723504,38340.813388774244,23566635.645640284,54543.2342330898,0.28483791226684363,,1651.3543597172888,26363258,24392267,25406311,23568287
70,110,9,5,ss,df -> iso -> ss,2255341.9640455437,466.1996089723504,38340.813388774244,23566635.645640284,54543.2342330898,0.28483791226684363,,1651.3543597172888,26363258,24392267,25406311,23568287
70,110,9,5,ss,ss -> iso -> df,2255341.9640455437,466.1996089723504,38340.813388774244,23566635.645640284,54543.2342330898,0.28483791226684363,,1651.3543597172888,26363258,24392267,25406311,23568287
70,110,9,5,ss,df -> ss -> iso,2255341.9640455437,466.1996089723504,38340.813388774244,23566635.645640284,54543.2342330898,0.28483791226684363,,1651.3543597172888,26363258,24392267,25406311,23568287
70,110,9,5,df+ss,iso -> df -> ss,2253859.5148523394,465.8931732986429,38315.61175248977,23566635.645640284,54543.2342330898,0.2850252610037331,15231.373622644896,1651.3543597172888,26363258,24392267,25406311,23568287
70,110,9,5,df+ss,df -> iso -> ss,2253859.5148523394,465.8931732986429,38315.61175248977,23566635.645640284,54543.2342330898,0.2850252610037331,15231.373622644896,1651.3543597172888,26363258,24392267,25406311,23568287
70,110,9,5,df+ss,ss -> iso -> df,2253859.5148523394,465.8931732986429,38315.61175248977,23566635.645640284,54543.2342330898,0.2850252610037331,15231.373622644896,1651.3543597172888,26363258,24392267,25406311,23568287
70,110,9,5,df+ss,df -> ss -> iso,2253859.5148523394,465.8931732986429,38315.61175248977,23566635.645640284,54543.2342330898,0.2850252610037331,15231.373622644896,1651.3543597172888,26363258,24392267,25406311,23568287
70,110,9,6,none,iso -> df -> ss,2255839.4499484706,463.42894905167054,38349.270649124,23860160.0,55345.17804082832,0.2883205081687522,,,26363258,24392267,25721743,23860160
70,110,9,6,none,df -> iso -> ss,2255839.4499484706,463.42894905167054,38349.270649124,23860160.0,55345.17804082832,0.2883205081687522,,,26363258,24392267,25721743,23860160
70,110,9,6,none,ss -> iso -> df,2255839.4499484706,463.42894905167054,38349.270649124,23860160.0,55345.17804082832,0.2883205081687522,,,26363258,24392267,25721743,23860160
70,110,9,6,none,df -> ss -> iso,2255839.4499484706,463.42894905167054,38349.270649124,23860160.0,55345.17804082832,0.2883205081687522,,,26363258,24392267,25721743,23860160
70,110,9,6,df,iso -> df -> ss,2254332.9904594533,463.11946916479286,38323.66083781071,23860160.0,55345.17804082832,0.2885131785361058,15664.019944292311,,26363258,24392267,25721743,23860160
70,110,9,6,df,df -> iso -> ss,2254332.9904594533,463.11946916479286,38323.66083781071,23860160.0,55345.17804082832,0.2885131785361058,15664.019944292311,,26363258,24392267,25721743,23860160
70,110,9,6,df,ss -> iso -> df,2254332.9904594533,463.11946916479286,38323.66083781071,23860160.0,55345.17804082832,0.2885131785361058,15664.019944292311,,26363258,24392267,25721743,23860160
70,110,9,6,df,df -> ss -> iso,2254332.9904594533,463.11946916479286,38323.66083781071,23860160.0,55345.17804082832,0.2885131785361058,15664.019944292311,,26363258,24392267,25721743,23860160
70,110,9,6,ss,iso -> df -> ss,2255669.4775990793,463.4115703773203,38346.38111918435,23858366.361582067,55345.17804082832,0.2883205081687522,,1793.6384179336624,26363258,24392267,25721743,23860160
70,110,9,6,ss,df -> iso -> ss,2255669.4775990793,463.4115703773203,38346.38111918435,23858366.361582067,55345.17804082832,0.2883205081687522,,1793.6384179336624,26363258,24392267,25721743,23860160
70,110,9,6,ss,ss -> iso -> df,2255669.4775990793,463.4115703773203,38346.38111918435,23858366.361582067,55345.17804082832,0.2883205081687522,,1793.6384179336624,26363258,24392267,25721743,23860160
70,110,9,6,ss,df -> ss -> iso,2255669.4775990793,463.4115703773203,38346.38111918435,23858366.361582067,55345.17804082832,0.2883205081687522,,1793.6384179336624,26363258,24392267,25721743,23860160
70,110,9,6,df+ss,iso -> df -> ss,2254163.131618343,463.1021020959976,38320.77323751183,23858366.361582067,55345.17804082832,0.2885131785361058,15664.019944292311,1793.6384179336624,26363258,24392267,25721743,23860160
70,110,9,6,df+ss,df -> iso -> ss,2254163.131618343,463.1021020959976,38320.77323751183,23858366.361582067,55345.17804082832,0.2885131785361058,15664.019944292311,1793.6384179336624,26363258,24392267,25721743,23860160
70,110,9,6,df+ss,ss -> iso -> df,2254163.131618343,463.1021020959976,38320.77323751183,23858366.361582067,55345.17804082832,0.2885131785361058,15664.019944292311,1793.6384179336624,26363258,24392267,25721743,23860160
70,110,9,6,df+ss,df -> ss -> iso,2254163.131618343,463.1021020959976,38320.77323751183,23858366.361582067,55345.17804082832,0.2885131785361058,15664.019944292311,1793.6384179336624,26363258,24392267,25721743,23860160
70,110,9,7,none,iso -> df -> ss,2256303.8888602187,461.985542883089,38357.16611062372,24019476.0,55748.23880941041,0.2901854946819984,,,26363258,24392267,25894369,24019476
70,110,9,7,none,df -> iso -> ss,2256303.8888602187,461.985542883089,38357.16611062372,24019476.0,55748.23880941041,0.2901854946819984,,,26363258,24392267,25894369,24019476
70,110,9,7,none,ss -> iso -> df,2256303.8888602187,461.985542883089,38357.16611062372,24019476.0,55748.23880941041,0.2901854946819984,,,26363258,24392267,25894369,24019476
70,110,9,7,none,df -> ss -> iso,2256303.8888602187,461.985542883089,38357.16611062372,24019476.0,55748.23880941041,0.2901854946819984,,,26363258,24392267,25894369,24019476
70,110,9,7,df,iso -> df -> ss,2254776.823676177,461.67287133137535,38331.20600249501,24019476.0,55748.23880941041,0.29038202507081107,15977.838067707082,,26363258,24392267,25894369,24019476
70,110,9,7,df,df -> iso -> ss,2254776.823676177,461.67287133137535,38331.20600249501,24019476.0,55748.23880941041,0.29038202507081107,15977.838067707082,,26363258,24392267,25894369,24019476
70,110,9,7,df,ss -> iso -> df,2254776.823676177,461.67287133137535,38331.20600249501,24019476.0,55748.23880941041,0.29038202507081107,15977.838067707082,,26363258,24392267,25894369,24019476
70,110,9,7,df,df -> ss -> iso,2254776.823676177,461.67287133137535,38331.20600249501,24019476.0,55748.23880941041,0.29038202507081107,15977.838067707082,,26363258,24392267,25894369,24019476
70,110,9,7,ss,iso -> df -> ss,2256124.8603778454,461.9672990731455,38354.12262642338,24017574.576244857,55748.23880941041,0.2901854946819984,,1901.423755141979,26363258,24392267,25894369,24019476
70,110,9,7,ss,df -> iso -> ss,2256124.8603778454,461.9672990731455,38354.12262642338,24017574.576244857,55748.23880941041,0.2901854946819984,,1901.423755141979,26363258,24392267,25894369,24019476
70,110,9,7,ss,ss -> iso -> df,2256124.8603778454,461.9672990731455,38354.12262642338,24017574.576244857,55748.23880941041,0.2901854946819984,,1901.423755141979,26363258,24392267,25894369,24019476
70,110,9,7,ss,df -> ss -> iso,2256124.8603778454,461.9672990731455,38354.12262642338,24017574.576244857,55748.23880941041,0.2901854946819984,,1901.423755141979,26363258,24392267,25894369,24019476
70,110,9,7,df+ss,iso -> df -> ss,2254597.916360178,461.6546398688321,38328.16457812303,24017574.576244857,55748.23880941041,0.29038202507081107,15977.838067707082,1901.423755141979,26363258,24392267,25894369,24019476
70,110,9,7,df+ss,df -> iso -> ss,2254597.916360178,461.6546398688321,38328.16457812303,24017574.576244857,55748.23880941041,0.29038202507081107,15977.838067707082,1901.423755141979,26363258,24392267,25894369,24019476
70,110,9,7,df+ss,ss -> iso -> df,2254597.916360178,461.6546398688321,38328.16457812303,24017574.576244857,55748.23880941041,0.29038202507081107,15977.838067707082,1901.423755141979,26363258,24392267,25894369,24019476
70,110,9,7,df+ss,df -> ss -> iso,2254597.916360178,461.6546398688321,38328.16457812303,24017574.576244857,55748.23880941041,0.29038202507081107,15977.838067707082,1901.423755141979,26363258,24392267,25894369,24019476
70,110,10,5,none,iso -> df -> ss,2256064.840828462,466.2729460785562,38353.10229408386,23574282.0,54545.727178239336,0.2848392180621396,,,26363258,24392267,25413480,23574282
70,110,10,5,none,df -> iso -> ss,2256064.840828462,466.2729460785562,38353.10229408386,23574282.0,54545.727178239336,0.2848392180621396,,,26363258,24392267,25413480,23574282
70,110,10,5,none,ss -> iso -> df,2256064.840828462,466.2729460785562,38353.10229408386,23574282.0,54545.727178239336,0.2848392180621396,,,26363258,24392267,25413480,23574282
70,110,10,5,none,df -> ss -> iso,2256064.840828462,466.2729460785562,38353.10229408386,23574282.0,54545.727178239336,0.2848392180621396,,,26363258,24392267,25413480,23574282
70,110,10,5,df,iso -> df -> ss,2254559.653259823,465.96186094069617,38327.514105416994,23574282.0,54545.727178239336,0.2850293822254466,15460.266607915932,,26363258,24392267,25413480,23574282
70,110,10,5,df,df -> iso -> ss,2254559.653259823,465.96186094069617,38327.514105416994,23574282.0,54545.727178239336,0.2850293822254466,15460.266607915932,,26363258,24392267,25413480,23574282
70,110,10,5,df,ss -> iso -> df,2254559.653259823,465.96186094069617,38327.514105416994,23574282.0,54545.727178239336,0.2850293822254466,15460.266607915932,,26363258,24392267,25413480,23574282
70,110,10,5,df,df -> ss -> iso,2254559.653259823,465.96186094069617,38327.514105416994,23574282.0,54545.727178239336,0.2850293822254466,15460.266607915932,,26363258,24392267,25413480,23574282
70,110,10,5,ss,iso -> df -> ss,2255898.0940543334,466.2557940952589,38350.267598923674,23572543.645640284,54545.727178239336,0.2848392180621396,,1738.3543597172888,26363258,24392267,25413480,23574282
70,110,10,5,ss,df -> iso -> ss,2255898.0940543334,466.2557940952589,38350.267598923674,23572543.645640284,54545.727178239336,0.2848392180621396,,1738.3543597172888,26363258,24392267,25413480,23574282
70,110,10,5,ss,ss -> iso -> df,2255898.0940543334,466.2557940952589,38350.267598923674,23572543.645640284,54545.727178239336,0.2848392180621396,,1738.3543597172888,26363258,24392267,25413480,23574282
70,110,10,5,ss,df -> ss -> iso,2255898.0940543334,466.2557940952589,38350.267598923674,23572543.645640284,54545.727178239336,0.2848392180621396,,1738.3543597172888,26363258,24392267,25413480,23574282
70,110,10,5,df+ss,iso -> df -> ss,2254393.017734789,465.9447204007545,38324.681301491415,23572543.645640284,54545.727178239336,0.2850293822254466,15460.266607915932,1738.3543597172888,26363258,24392267,25413480,23574282
70,110,10,5,df+ss,df -> iso -> ss,2254393.017734789,465.9447204007545,38324.681301491415,23572543.645640284,54545.727178239336,0.2850293822254466,15460.266607915932,1738.3543597172888,26363258,24392267,25413480,23574282
70,110,10,5,df+ss,ss -> iso -> df,2254393.017734789,465.9447204007545,38324.681301491415,23572543.645640284,54545.727178239336,0.2850293822254466,15460.266607915932,1738.3543597172888,26363258,24392267,25413480,23574282
70,110,10,5,df+ss,df -> ss -> iso,2254393.017734789,465.9447204007545,38324.681301491415,23572543.645640284,54545.727178239336,0.2850293822254466,15460.266607915932,1738.3543597172888,26363258,24392267,25413480,23574282
70,110,10,6,none,iso -> df -> ss,2256443.300326473,463.4895749826903,38359.53610555005,23866653.0,55347.670985977864,0.28832194131377525,,,26363258,24392267,25729532,23866653
70,110,10,6,none,df -> iso -> ss,2256443.300326473,463.4895749826903,38359.53610555005,23866653.0,55347.670985977864,0.28832194131377525,,,26363258,24392267,25729532,23866653
70,110,10,6,none,ss -> iso -> df,2256443.300326473,463.4895749826903,38359.53610555005,23866653.0,55347.670985977864,0.28832194131377525,,,26363258,24392267,25729532,23866653
70,110,10,6,none,df -> ss -> iso,2256443.300326473,463.4895749826903,38359.53610555005,23866653.0,55347.670985977864,0.28832194131377525,,,26363258,24392267,25729532,23866653
70,110,10,6,df,iso -> df -> ss,2254910.7910322463,463.1747866246867,38333.48344754819,23866653.0,55347.670985977864,0.28851789410115386,15930.87931370578,,26363258,24392267,25729532,23866653
70,110,10,6,df,df -> iso -> ss,2254910.7910322463,463.1747866246867,38333.48344754819,23866653.0,55347.670985977864,0.28851789410115386,15930.87931370578,,26363258,24392267,25729532,23866653
70,110,10,6,df,ss -> iso -> df,2254910.7910322463,463.1747866246867,38333.48344754819,23866653.0,55347.670985977864,0.28851789410115386,15930.87931370578,,26363258,24392267,25729532,23866653
70,110,10,6,df,df -> ss -> iso,2254910.7910322463,463.1747866246867,38333.48344754819,23866653.0,55347.670985977864,0.28851789410115386,15930.87931370578,,26363258,24392267,25729532,23866653
70,110,10,6,ss,iso -> df -> ss,2256264.231523261,463.47126871692905,38356.491935895436,23864763.361582067,55347.670985977864,0.28832194131377525,,1889.6384179336624,26363258,24392267,25729532,23866653
70,110,10,6,ss,df -> iso -> ss,2256264.231523261,463.47126871692905,38356.491935895436,23864763.361582067,55347.670985977864,0.28832194131377525,,1889.6384179336624,26363258,24392267,25729532,23866653
70,110,10,6,ss,ss -> iso -> df,2256264.231523261,463.47126871692905,38356.491935895436,23864763.361582067,55347.670985977864,0.28832194131377525,,1889.6384179336624,26363258,24392267,25729532,23866653
70,110,10,6,ss,df -> ss -> iso,2256264.231523261,463.47126871692905,38356.491935895436,23864763.361582067,55347.670985977864,0.28832194131377525,,1889.6384179336624,26363258,24392267,25729532,23866653
70,110,10,6,df+ss,iso -> df -> ss,2254731.8438472487,463.15649279199755,38330.44134540323,23864763.361582067,55347.670985977864,0.28851789410115386,15930.87931370578,1889.6384179336624,26363258,24392267,25729532,23866653
70,110,10,6,df+ss,df -> iso -> ss,2254731.8438472487,463.15649279199755,38330.44134540323,23864763.361582067,55347.670985977864,0.28851789410115386,15930.87931370578,1889.6384179336624,26363258,24392267,25729532,23866653
70,110,10,6,df+ss,ss -> iso -> df,2254731.8438472487,463.15649279199755,38330.44134540323,23864763.361582067,55347.670985977864,0.28851789410115386,15930.87931370578,1889.6384179336624,26363258,24392267,25729532,23866653
70,110,10,6,df+ss,df -> ss -> iso,2254731.8438472487,463.15649279199755,38330.44134540323,23864763.361582067,55347.670985977864,0.28851789410115386,15930.87931370578,1889.6384179336624,26363258,24392267,25729532,23866653
70,110,10,7,none,iso -> df -> ss,2256936.9407585743,462.04881772736013,38367.92799289576,24026334.0,55750.73175455995,0.290187092625466,,,26363258,24392267,25902605,24026334
70,110,10,7,none,df -> iso -> ss,2256936.9407585743,462.04881772736013,38367.92799289576,24026334.0,55750.73175455995,0.290187092625466,,,26363258,24392267,25902605,24026334
70,110,10,7,none,ss -> iso -> df,2256936.9407585743,462.04881772736013,38367.92799289576,24026334.0,55750.73175455995,0.290187092625466,,,26363258,24392267,25902605,24026334
70,110,10,7,none,df -> ss -> iso,2256936.9407585743,462.04881772736013,38367.92799289576,24026334.0,55750.73175455995,0.290187092625466,,,26363258,24392267,25902605,24026334
70,110,10,7,df,iso -> df -> ss,2255380.9923249567,461.7302779750018,38341.47686952427,24026334.0,55750.73175455995,0.29038728769395467,16275.774986195363,,26363258,24392267,25902605,24026334
70,110,10,7,df,df -> iso -> ss,2255380.9923249567,461.7302779750018,38341.47686952427,24026334.0,55750.73175455995,0.29038728769395467,16275.774986195363,,26363258,24392267,25902605,24026334
70,110,10,7,df,ss -> iso -> df,2255380.9923249567,461.7302779750018,38341.47686952427,24026334.0,55750.73175455995,0.29038728769395467,16275.774986195363,,26363258,24392267,25902605,24026334
70,110,10,7,df,df -> ss -> iso,2255380.9923249567,461.7302779750018,38341.47686952427,24026334.0,55750.73175455995,0.29038728769395467,16275.774986195363,,26363258,24392267,25902605,24026334
70,110,10,7,ss,iso -> df -> ss,2256747.7445820826,462.0295405084405,38364.71165789541,24024324.576244857,55750.73175455995,0.290187092625466,,2009.423755141979,26363258,24392267,25902605,24026334
70,110,10,7,ss,df -> iso -> ss,2256747.7445820826,462.0295405084405,38364.71165789541,24024324.576244857,55750.73175455995,0.290187092625466,,2009.423755141979,26363258,24392267,25902605,24026334
70,110,10,7,ss,ss -> iso -> df,2256747.7445820826,462.0295405084405,38364.71165789541,24024324.576244857,55750.73175455995,0.290187092625466,,2009.423755141979,26363258,24392267,25902605,24026334
70,110,10,7,ss,df -> ss -> iso,2256747.7445820826,462.0295405084405,38364.71165789541,24024324.576244857,55750.73175455995,0.290187092625466,,2009.423755141979,26363258,24392267,25902605,24026334
70,110,10,7,df+ss,iso -> df -> ss,2255191.92658166,461.7110140459345,38338.26275188822,24024324.576244857,55750.73175455995,0.29038728769395467,16275.774986195363,2009.423755141979,26363258,24392267,25902605,24026334
70,110,10,7,df+ss,df -> iso -> ss,2255191.92658166,461.7110140459345,38338.26275188822,24024324.576244857,55750.73175455995,0.29038728769395467,16275.774986195363,2009.423755141979,26363258,24392267,25902605,24026334
70,110,10,7,df+ss,ss -> iso -> df,2255191.92658166,461.7110140459345,38338.26275188822,24024324.576244857,55750.73175455995,0.29038728769395467,16275.774986195363,2009.423755141979,26363258,24392267,25902605,24026334
70,110,10,7,df+ss,df -> ss -> iso,2255191.92658166,461.7110140459345,38338.26275188822,24024324.576244857,55750.73175455995,0.29038728769395467,16275.774986195363,2009.423755141979,26363258,24392267,25902605,24026334
75,105,8,5,none,iso -> df -> ss,2255236.0930012167,471.48635111376973,38339.013581020685,22997746.0,39518.93813950591,0.2781411513346478,,,26363258,23771815,25394841,22997746
75,105,8,5,none,df -> iso -> ss,2255236.0930012167,471.48635111376973,38339.013581020685,22997746.0,39518.93813950591,0.2781411513346478,,,26363258,23771815,25394841,22997746
75,105,8,5,none,ss -> iso -> df,2255236.0930012167,471.48635111376973,38339.013581020685,22997746.0,39518.93813950591,0.2781411513346478,,,26363258,23771815,25394841,22997746
75,105,8,5,none,df -> ss -> iso,2255236.0930012167,471.48635111376973,38339.013581020685,22997746.0,39518.93813950591,0.2781411513346478,,,26363258,23771815,25394841,22997746
75,105,8,5,df,iso -> df -> ss,2254082.404349702,471.24515754015135,38319.400873944935,22997746.0,39518.93813950591,0.278283510056403,11573.704288040331,,26363258,23771815,25394841,22997746
75,105,8,5,df,df -> iso -> ss,2254082.404349702,471.24515754015135,38319.400873944935,22997746.0,39518.93813950591,0.278283510056403,11573.704288040331,,26363258,23771815,25394841,22997746
75,105,8,5,df,ss -> iso -> df,2254082.404349702,471.24515754015135,38319.400873944935,22997746.0,39518.93813950591,0.278283510056403,11573.704288040331,,26363258,23771815,25394841,22997746
75,105,8,5,df,df -> ss -> iso,2254082.404349702,471.24515754015135,38319.400873944935,22997746.0,39518.93813950591,0.278283510056403,11573.704288040331,,26363258,23771815,25394841,22997746
75,105,8,5,ss,iso -> df -> ss,2255123.536022084,471.47462558666416,38337.100112375425,22996600.173763733,39518.93813950591,0.2781411513346478,,1145.8262362662617,26363258,23771815,25394841,22997746
75,105,8,5,ss,df -> iso -> ss,2255123.536022084,471.47462558666416,38337.100112375425,22996600.173763733,39518.93813950591,0.2781411513346478,,1145.8262362662617,26363258,23771815,25394841,22997746
75,105,8,5,ss,ss -> iso -> df,2255123.536022084,471.47462558666416,38337.100112375425,22996600.173763733,39518.93813950591,0.2781411513346478,,1145.8262362662617,26363258,23771815,25394841,22997746
75,105,8,5,ss,df -> ss -> iso,2255123.536022084,471.47462558666416,38337.100112375425,22996600.173763733,39518.93813950591,0.2781411513346478,,1145.8262362662617,26363258,23771815,25394841,22997746
75,105,8,5,df+ss,iso -> df -> ss,2253969.9049502206,471.23343801135684,38317.48838415375,22996600.173763733,39518.93813950591,0.278283510056403,11573.704288040331,1145.8262362662617,26363258,23771815,25394841,22997746
75,105,8,5,df+ss,df -> iso -> ss,2253969.9049502206,471.23343801135684,38317.48838415375,22996600.173763733,39518.93813950591,0.278283510056403,11573.704288040331,1145.8262362662617,26363258,23771815,25394841,22997746
75,105,8,5,df+ss,ss -> iso -> df,2253969.9049502206,471.23343801135684,38317.48838415375,22996600.173763733,39518.93813950591,0.278283510056403,11573.704288040331,1145.8262362662617,26363258,23771815,25394841,22997746
75,105,8,5,df+ss,df -> ss -> iso,2253969.9049502206,471.23343801135684,38317.48838415375,22996600.173763733,39518.93813950591,0.278283510056403,11573.704288040331,1145.8262362662617,26363258,23771815,25394841,22997746
75,105,8,6,none,iso -> df -> ss,2255503.6843225025,468.6682262372466,38343.56263348254,23280976.0,40106.1335084203,0.2815319916581727,,,26363258,23771815,25709429,23280976
75,105,8,6,none,df -> iso -> ss,2255503.6843225025,468.6682262372466,38343.56263348254,23280976.0,40106.1335084203,0.2815319916581727,,,26363258,23771815,25709429,23280976
75,105,8,6,none,ss -> iso -> df,2255503.6843225025,468.6682262372466,38343.56263348254,23280976.0,40106.1335084203,0.2815319916581727,,,26363258,23771815,25709429,23280976
75,105,8,6,none,df -> ss -> iso,2255503.6843225025,468.6682262372466,38343.56263348254,23280976.0,40106.1335084203,0.2815319916581727,,,26363258,23771815,25709429,23280976
75,105,8,6,df,iso -> df -> ss,2254337.7604464856,468.42596040602734,38323.74192759026,23280976.0,40106.1335084203,0.2816775975548117,11837.698242272127,,26363258,23771815,25709429,23280976
75,105,8,6,df,df -> iso -> ss,2254337.7604464856,468.42596040602734,38323.74192759026,23280976.0,40106.1335084203,0.2816775975548117,11837.698242272127,,26363258,23771815,25709429,23280976
75,105,8,6,df,ss -> iso -> df,2254337.7604464856,468.42596040602734,38323.74192759026,23280976.0,40106.1335084203,0.2816775975548117,11837.698242272127,,26363258,23771815,25709429,23280976
75,105,8,6,df,df -> ss -> iso,2254337.7604464856,468.42596040602734,38323.74192759026,23280976.0,40106.1335084203,0.2816775975548117,11837.698242272127,,26363258,23771815,25709429,23280976
75,105,8,6,ss,iso -> df -> ss,2255383.1131643173,468.6557424927365,38341.512923793394,23279733.626238205,40106.1335084203,0.2815319916581727,,1242.3737617956292,26363258,23771815,25709429,23280976
75,105,8,6,ss,df -> iso -> ss,2255383.1131643173,468.6557424927365,38341.512923793394,23279733.626238205,40106.1335084203,0.2815319916581727,,1242.3737617956292,26363258,23771815,25709429,23280976
75,105,8,6,ss,ss -> iso -> df,2255383.1131643173,468.6557424927365,38341.512923793394,23279733.626238205,40106.1335084203,0.2815319916581727,,1242.3737617956292,26363258,23771815,25709429,23280976
75,105,8,6,ss,df -> ss -> iso,2255383.1131643173,468.6557424927365,38341.512923793394,23279733.626238205,40106.1335084203,0.2815319916581727,,1242.3737617956292,26363258,23771815,25709429,23280976
75,105,8,6,df+ss,iso -> df -> ss,2254217.2516144197,468.4134831146638,38321.69327744514,23279733.626238205,40106.1335084203,0.2816775975548117,11837.698242272127,1242.3737617956292,26363258,23771815,25709429,23280976
75,105,8,6,df+ss,df -> iso -> ss,2254217.2516144197,468.4134831146638,38321.69327744514,23279733.626238205,40106.1335084203,0.2816775975548117,11837.698242272127,1242.3737617956292,26363258,23771815,25709429,23280976
75,105,8,6,df+ss,ss -> iso -> df,2254217.2516144197,468.4134831146638,38321.69327744514,23279733.626238205,40106.1335084203,0.2816775975548117,11837.698242272127,1242.3737617956292,26363258,23771815,25709429,23280976
75,105,8,6,df+ss,df -> ss -> iso,2254217.2516144197,468.4134831146638,38321.69327744514,23279733.626238205,40106.1335084203,0.2816775975548117,11837.698242272127,1242.3737617956292,26363258,23771815,25709429,23280976
75,105,8,7,none,iso -> df -> ss,2255840.0885693617,467.20161567188177,38349.28150567915,23434481.0,40411.33651873645,0.2833455414155808,,,26363258,23771815,25881241,23434481
75,105,8,7,none,df -> iso -> ss,2255840.0885693617,467.20161567188177,38349.28150567915,23434481.0,40411.33651873645,0.2833455414155808,,,26363258,23771815,25881241,23434481
75,105,8,7,none,ss -> iso -> df,2255840.0885693617,467.20161567188177,38349.28150567915,23434481.0,40411.33651873645,0.2833455414155808,,,26363258,23771815,25881241,23434481
75,105,8,7,none,df -> ss -> iso,2255840.0885693617,467.20161567188177,38349.28150567915,23434481.0,40411.33651873645,0.2833455414155808,,,26363258,23771815,25881241,23434481
75,105,8,7,df,iso -> df -> ss,2254662.126696072,466.95765082118635,38329.25615383323,23434481.0,40411.33651873645,0.2834935770084983,12035.23152923883,,26363258,23771815,25881241,23434481
75,105,8,7,df,df -> iso -> ss,2254662.126696072,466.95765082118635,38329.25615383323,23434481.0,40411.33651873645,0.2834935770084983,12035.23152923883,,26363258,23771815,25881241,23434481
75,105,8,7,df,ss -> iso -> df,2254662.126696072,466.95765082118635,38329.25615383323,23434481.0,40411.33651873645,0.2834935770084983,12035.23152923883,,26363258,23771815,25881241,23434481
75,105,8,7,df,df -> ss -> iso,2254662.126696072,466.95765082118635,38329.25615383323,23434481.0,40411.33651873645,0.2834935770084983,12035.23152923883,,26363258,23771815,25881241,23434481
75,105,8,7,ss,iso -> df -> ss,2255714.245168041,467.188628796181,38347.1421678567,23433175.947699483,40411.33651873645,0.2833455414155808,,1305.0523005148966,26363258,23771815,25881241,23434481
75,105,8,7,ss,df -> iso -> ss,2255714.245168041,467.188628796181,38347.1421678567,23433175.947699483,40411.33651873645,0.2833455414155808,,1305.0523005148966,26363258,23771815,25881241,23434481
75,105,8,7,ss,ss -> iso -> df,2255714.245168041,467.188628796181,38347.1421678567,23433175.947699483,40411.33651873645,0.2833455414155808,,1305.0523005148966,26363258,23771815,25881241,23434481
75,105,8,7,ss,df -> ss -> iso,2255714.245168041,467.188628796181,38347.1421678567,23433175.947699483,40411.33651873645,0.2833455414155808,,1305.0523005148966,26363258,23771815,25881241,23434481
75,105,8,7,df+ss,iso -> df -> ss,2254536.349008066,466.9446707270143,38327.117933137124,23433175.947699483,40411.33651873645,0.2834935770084983,12035.23152923883,1305.0523005148966,26363258,23771815,25881241,23434481
75,105,8,7,df+ss,df -> iso -> ss,2254536.349008066,466.9446707270143,38327.117933137124,23433175.947699483,40411.33651873645,0.2834935770084983,12035.23152923883,1305.0523005148966,26363258,23771815,25881241,23434481
75,105,8,7,df+ss,ss -> iso -> df,2254536.349008066,466.9446707270143,38327.117933137124,23433175.947699483,40411.33651873645,0.2834935770084983,12035.23152923883,1305.0523005148966,26363258,23771815,25881241,23434481
75,105,8,7,df+ss,df -> ss -> iso,2254536.349008066,466.9446707270143,38327.117933137124,23433175.947699483,40411.33651873645,0.2834935770084983,12035.23152923883,1305.0523005148966,26363258,23771815,25881241,23434481
75,105,9,5,none,iso -> df -> ss,2256114.558984847,471.5751441696352,38353.9475027424,23006958.0,39520.994435791625,0.27814438710385475,,,26363258,23771815,25406311,23006958
75,105,9,5,none,df -> iso -> ss,2256114.558984847,471.5751441696352,38353.9475027424,23006958.0,39520.994435791625,0.27814438710385475,,,26363258,23771815,25406311,23006958
75,105,9,5,none,ss -> iso -> df,2256114.558984847,471.5751441696352,38353.9475027424,23006958.0,39520.994435791625,0.27814438710385475,,,26363258,23771815,25406311,23006958
75,105,9,5,none,df -> ss -> iso,2256114.558984847,471.5751441696352,38353.9475027424,23006958.0,39520.994435791625,0.27814438710385475,,,26363258,23771815,25406311,23006958
75,105,9,5,df,iso -> df -> ss,2254937.4127999763,471.32909598931195,38333.9360175996,23006958.0,39520.994435791625,0.27828958696716977,11804.687903566592,,26363258,23771815,25406311,23006958
75,105,9,5,df,df -> iso -> ss,2254937.4127999763,471.32909598931195,38333.9360175996,23006958.0,39520.994435791625,0.27828958696716977,11804.687903566592,,26363258,23771815,25406311,23006958
75,105,9,5,df,ss -> iso -> df,2254937.4127999763,471.32909598931195,38333.9360175996,23006958.0,39520.994435791625,0.27828958696716977,11804.687903566592,,26363258,23771815,25406311,23006958
75,105,9,5,df,df -> ss -> iso,2254937.4127999763,471.32909598931195,38333.9360175996,23006958.0,39520.994435791625,0.27828958696716977,11804.687903566592,,26363258,23771815,25406311,23006958
75,105,9,5,ss,iso -> df -> ss,2255994.655381619,471.5626558013633,38351.90914148753,23005737.371179134,39520.994435791625,0.27814438710385475,,1220.6288208664205,26363258,23771815,25406311,23006958
75,105,9,5,ss,df -> iso -> ss,2255994.655381619,471.5626558013633,38351.90914148753,23005737.371179134,39520.994435791625,0.27814438710385475,,1220.6288208664205,26363258,23771815,25406311,23006958
75,105,9,5,ss,ss -> iso -> df,2255994.655381619,471.5626558013633,38351.90914148753,23005737.371179134,39520.994435791625,0.27814438710385475,,1220.6288208664205,26363258,23771815,25406311,23006958
75,105,9,5,ss,df -> ss -> iso,2255994.655381619,471.5626558013633,38351.90914148753,23005737.371179134,39520.994435791625,0.27814438710385475,,1220.6288208664205,26363258,23771815,25406311,23006958
75,105,9,5,df+ss,iso -> df -> ss,2254817.571757432,471.31661413694803,38331.89871987635,23005737.371179134,39520.994435791625,0.27828958696716977,11804.687903566592,1220.6288208664205,26363258,23771815,25406311,23006958
75,105,9,5,df+ss,df -> iso -> ss,2254817.571757432,471.31661413694803,38331.89871987635,23005737.371179134,39520.994435791625,0.27828958696716977,11804.687903566592,1220.6288208664205,26363258,23771815,25406311,23006958
75,105,9,5,df+ss,ss -> iso -> df,2254817.571757432,471.31661413694803,38331.89871987635,23005737.371179134,39520.994435791625,0.27828958696716977,11804.687903566592,1220.6288208664205,26363258,23771815,25406311,23006958
75,105,9,5,df+ss,df -> ss -> iso,2254817.571757432,471.31661413694803,38331.89871987635,23005737.371179134,39520.994435791625,0.27828958696716977,11804.687903566592,1220.6288208664205,26363258,23771815,25406311,23006958
75,105,9,6,none,iso -> df -> ss,2256432.2095653093,468.7615156302485,38359.34756261026,23290833.0,40109.11272772771,0.2815354599562721,,,26363258,23771815,25721743,23290833
75,105,9,6,none,df -> iso -> ss,2256432.2095653093,468.7615156302485,38359.34756261026,23290833.0,40109.11272772771,0.2815354599562721,,,26363258,23771815,25721743,23290833
75,105,9,6,none,ss -> iso -> df,2256432.2095653093,468.7615156302485,38359.34756261026,23290833.0,40109.11272772771,0.2815354599562721,,,26363258,23771815,25721743,23290833
75,105,9,6,none,df -> ss -> iso,2256432.2095653093,468.7615156302485,38359.34756261026,23290833.0,40109.11272772771,0.2815354599562721,,,26363258,23771815,25721743,23290833
75,105,9,6,df,iso -> df -> ss,2255239.914567634,468.51382283105016,38339.078547649784,23290833.0,40109.11272772771,0.2816843014690556,12100.752475860063,,26363258,23771815,25721743,23290833
75,105,9,6,df,df -> iso -> ss,2255239.914567634,468.51382283105016,38339.078547649784,23290833.0,40109.11272772771,0.2816843014690556,12100.752475860063,,26363258,23771815,25721743,23290833
75,105,9,6,df,ss -> iso -> df,2255239.914567634,468.51382283105016,38339.078547649784,23290833.0,40109.11272772771,0.2816843014690556,12100.752475860063,,26363258,23771815,25721743,23290833
75,105,9,6,df,df -> ss -> iso,2255239.914567634,468.51382283105016,38339.078547649784,23290833.0,40109.11272772771,0.2816843014690556,12100.752475860063,,26363258,23771815,25721743,23290833
75,105,9,6,ss,iso -> df -> ss,2256303.3129381537,468.7481726881768,38357.15631994862,23289504.823653605,40109.11272772771,0.2815354599562721,,1328.1763463957877,26363258,23771815,25721743,23290833
75,105,9,6,ss,df -> iso -> ss,2256303.3129381537,468.7481726881768,38357.15631994862,23289504.823653605,40109.11272772771,0.2815354599562721,,1328.1763463957877,26363258,23771815,25721743,23290833
75,105,9,6,ss,ss -> iso -> df,2256303.3129381537,468.7481726881768,38357.15631994862,23289504.823653605,40109.11272772771,0.2815354599562721,,1328.1763463957877,26363258,23771815,25721743,23290833
75,105,9,6,ss,df -> ss -> iso,2256303.3129381537,468.7481726881768,38357.15631994862,23289504.823653605,40109.11272772771,0.2815354599562721,,1328.1763463957877,26363258,23771815,25721743,23290833
75,105,9,6,df+ss,iso -> df -> ss,2255111.0860492405,468.5004869393667,38336.888462837094,23289504.823653605,40109.11272772771,0.2816843014690556,12100.752475860063,1328.1763463957877,26363258,23771815,25721743,23290833
75,105,9,6,df+ss,df -> iso -> ss,2255111.0860492405,468.5004869393667,38336.888462837094,23289504.823653605,40109.11272772771,0.2816843014690556,12100.752475860063,1328.1763463957877,26363258,23771815,25721743,23290833
75,105,9,6,df+ss,ss -> iso -> df,2255111.0860492405,468.5004869393667,38336.888462837094,23289504.823653605,40109.11272772771,0.2816843014690556,12100.752475860063,1328.1763463957877,26363258,23771815,25721743,23290833
75,105,9,6,df+ss,df -> ss -> iso,2255111.0860492405,468.5004869393667,38336.888462837094,23289504.823653605,40109.11272772771,0.2816843014690556,12100.752475860063,1328.1763463957877,26363258,23771815,25721743,23290833
75,105,9,7,none,iso -> df -> ss,2256818.684107344,467.2994590000905,38365.91762982485,23444955.0,40415.57647604718,0.2833494311099922,,,26363258,23771815,25894369,23444955
75,105,9,7,none,df -> iso -> ss,2256818.684107344,467.2994590000905,38365.91762982485,23444955.0,40415.57647604718,0.2833494311099922,,,26363258,23771815,25894369,23444955
75,105,9,7,none,ss -> iso -> df,2256818.684107344,467.2994590000905,38365.91762982485,23444955.0,40415.57647604718,0.2833494311099922,,,26363258,23771815,25894369,23444955
75,105,9,7,none,df -> ss -> iso,2256818.684107344,467.2994590000905,38365.91762982485,23444955.0,40415.57647604718,0.2833494311099922,,,26363258,23771815,25894369,23444955
75,105,9,7,df,iso -> df -> ss,2255612.697010265,467.0497459318699,38345.41584917451,23444955.0,40415.57647604718,0.2835009268691428,12316.541590720386,,26363258,23771815,25894369,23444955
75,105,9,7,df,df -> iso -> ss,2255612.697010265,467.0497459318699,38345.41584917451,23444955.0,40415.57647604718,0.2835009268691428,12316.541590720386,,26363258,23771815,25894369,23444955
75,105,9,7,df,ss -> iso -> df,2255612.697010265,467.0497459318699,38345.41584917451,23444955.0,40415.57647604718,0.2835009268691428,12316.541590720386,,26363258,23771815,25894369,23444955
75,105,9,7,df,df -> ss -> iso,2255612.697010265,467.0497459318699,38345.41584917451,23444955.0,40415.57647604718,0.2835009268691428,12316.541590720386,,26363258,23771815,25894369,23444955
75,105,9,7,ss,iso -> df -> ss,2256683.5430616066,467.28551571683147,38363.62023204732,23443553.507733487,40415.57647604718,0.2833494311099922,,1401.492266513223,26363258,23771815,25894369,23444955
75,105,9,7,ss,df -> iso -> ss,2256683.5430616066,467.28551571683147,38363.62023204732,23443553.507733487,40415.57647604718,0.2833494311099922,,1401.492266513223,26363258,23771815,25894369,23444955
75,105,9,7,ss,ss -> iso -> df,2256683.5430616066,467.28551571683147,38363.62023204732,23443553.507733487,40415.57647604718,0.2833494311099922,,1401.492266513223,26363258,23771815,25894369,23444955
75,105,9,7,ss,df -> ss -> iso,2256683.5430616066,467.28551571683147,38363.62023204732,23443553.507733487,40415.57647604718,0.2833494311099922,,1401.492266513223,26363258,23771815,25894369,23444955
75,105,9,7,df+ss,iso -> df -> ss,2255477.628180501,467.0358100995505,38343.11967906852,23443553.507733487,40415.57647604718,0.2835009268691428,12316.541590720386,1401.492266513223,26363258,23771815,25894369,23444955
75,105,9,7,df+ss,df -> iso -> ss,2255477.628180501,467.0358100995505,38343.11967906852,23443553.507733487,40415.57647604718,0.2835009268691428,12316.541590720386,1401.492266513223,26363258,23771815,25894369,23444955
75,105,9,7,df+ss,ss -> iso -> df,2255477.628180501,467.0358100995505,38343.11967906852,23443553.507733487,40415.57647604718,0.2835009268691428,12316.541590720386,1401.492266513223,26363258,23771815,25894369,23444955
75,105,9,7,df+ss,df -> ss -> iso,2255477.628180501,467.0358100995505,38343.11967906852,23443553.507733487,40415.57647604718,0.2835009268691428,12316.541590720386,1401.492266513223,26363258,23771815,25894369,23444955
75,105,10,5,none,iso -> df -> ss,2256638.1832922827,471.6286173310138,38362.84911596881,23012396.0,39522.51066565317,0.2781456698286993,,,26363258,23771815,25413480,23012396
75,105,10,5,none,df -> iso -> ss,2256638.1832922827,471.6286173310138,38362.84911596881,23012396.0,39522.51066565317,0.2781456698286993,,,26363258,23771815,25413480,23012396
75,105,10,5,none,ss -> iso -> df,2256638.1832922827,471.6286173310138,38362.84911596881,23012396.0,39522.51066565317,0.2781456698286993,,,26363258,23771815,25413480,23012396
75,105,10,5,none,df -> ss -> iso,2256638.1832922827,471.6286173310138,38362.84911596881,23012396.0,39522.51066565317,0.2781456698286993,,,26363258,23771815,25413480,23012396
75,105,10,5,df,iso -> df -> ss,2255443.1846701116,471.3788672593986,38342.5341393919,23012396.0,39522.51066565317,0.2782930393986655,11981.084143036867,,26363258,23771815,25413480,23012396
75,105,10,5,df,df -> iso -> ss,2255443.1846701116,471.3788672593986,38342.5341393919,23012396.0,39522.51066565317,0.2782930393986655,11981.084143036867,,26363258,23771815,25413480,23012396
75,105,10,5,df,ss -> iso -> df,2255443.1846701116,471.3788672593986,38342.5341393919,23012396.0,39522.51066565317,0.2782930393986655,11981.084143036867,,26363258,23771815,25413480,23012396
75,105,10,5,df,df -> ss -> iso,2255443.1846701116,471.3788672593986,38342.5341393919,23012396.0,39522.51066565317,0.2782930393986655,11981.084143036867,,26363258,23771815,25413480,23012396
75,105,10,5,ss,iso -> df -> ss,2256511.9934862982,471.615475775021,38360.703889267075,23011111.371179134,39522.51066565317,0.2781456698286993,,1284.6288208664205,26363258,23771815,25413480,23012396
75,105,10,5,ss,df -> iso -> ss,2256511.9934862982,471.615475775021,38360.703889267075,23011111.371179134,39522.51066565317,0.2781456698286993,,1284.6288208664205,26363258,23771815,25413480,23012396
75,105,10,5,ss,ss -> iso -> df,2256511.9934862982,471.615475775021,38360.703889267075,23011111.371179134,39522.51066565317,0.2781456698286993,,1284.6288208664205,26363258,23771815,25413480,23012396
75,105,10,5,ss,df -> ss -> iso,2256511.9934862982,471.615475775021,38360.703889267075,23011111.371179134,39522.51066565317,0.2781456698286993,,1284.6288208664205,26363258,23771815,25413480,23012396
75,105,10,5,df+ss,iso -> df -> ss,2255317.0616877084,471.36573266249275,38340.39004869104,23011111.371179134,39522.51066565317,0.2782930393986655,11981.084143036867,1284.6288208664205,26363258,23771815,25413480,23012396
75,105,10,5,df+ss,df -> iso -> ss,2255317.0616877084,471.36573266249275,38340.39004869104,23011111.371179134,39522.51066565317,0.2782930393986655,11981.084143036867,1284.6288208664205,26363258,23771815,25413480,23012396
75,105,10,5,df+ss,ss -> iso -> df,2255317.0616877084,471.36573266249275,38340.39004869104,23011111.371179134,39522.51066565317,0.2782930393986655,11981.084143036867,1284.6288208664205,26363258,23771815,25413480,23012396
75,105,10,5,df+ss,df -> ss -> iso,2255317.0616877084,471.36573266249275,38340.39004869104,23011111.371179134,39522.51066565317,0.2782930393986655,11981.084143036867,1284.6288208664205,26363258,23771815,25413480,23012396
75,105,10,6,none,iso -> df -> ss,2256992.7450345843,468.8183869657804,38368.87666558794,23296727.0,40110.628957589266,0.28153687166358204,,,26363258,23771815,25729532,23296727
75,105,10,6,none,df -> iso -> ss,2256992.7450345843,468.8183869657804,38368.87666558794,23296727.0,40110.628957589266,0.28153687166358204,,,26363258,23771815,25729532,23296727
75,105,10,6,none,ss -> iso -> df,2256992.7450345843,468.8183869657804,38368.87666558794,23296727.0,40110.628957589266,0.28153687166358204,,,26363258,23771815,25729532,23296727
75,105,10,6,none,df -> ss -> iso,2256992.7450345843,468.8183869657804,38368.87666558794,23296727.0,40110.628957589266,0.28153687166358204,,,26363258,23771815,25729532,23296727
75,105,10,6,df,iso -> df -> ss,2255780.265690628,468.56653298374465,38348.26451674068,23296727.0,40110.628957589266,0.2816881974139869,12302.719951097395,,26363258,23771815,25729532,23296727
75,105,10,6,df,df -> iso -> ss,2255780.265690628,468.56653298374465,38348.26451674068,23296727.0,40110.628957589266,0.2816881974139869,12302.719951097395,,26363258,23771815,25729532,23296727
75,105,10,6,df,ss -> iso -> df,2255780.265690628,468.56653298374465,38348.26451674068,23296727.0,40110.628957589266,0.2816881974139869,12302.719951097395,,26363258,23771815,25729532,23296727
75,105,10,6,df,df -> ss -> iso,2255780.265690628,468.56653298374465,38348.26451674068,23296727.0,40110.628957589266,0.2816881974139869,12302.719951097395,,26363258,23771815,25729532,23296727
75,105,10,6,ss,iso -> df -> ss,2256856.7645979687,468.80431249893167,38366.56499816547,23295325.823653605,40110.628957589266,0.28153687166358204,,1401.1763463957877,26363258,23771815,25729532,23296727
75,105,10,6,ss,df -> iso -> ss,2256856.7645979687,468.80431249893167,38366.56499816547,23295325.823653605,40110.628957589266,0.28153687166358204,,1401.1763463957877,26363258,23771815,25729532,23296727
75,105,10,6,ss,ss -> iso -> df,2256856.7645979687,468.80431249893167,38366.56499816547,23295325.823653605,40110.628957589266,0.28153687166358204,,1401.1763463957877,26363258,23771815,25729532,23296727
75,105,10,6,ss,df -> ss -> iso,2256856.7645979687,468.80431249893167,38366.56499816547,23295325.823653605,40110.628957589266,0.28153687166358204,,1401.1763463957877,26363258,23771815,25729532,23296727
75,105,10,6,df+ss,iso -> df -> ss,2255644.3583040796,468.5524660778419,38345.954091169355,23295325.823653605,40110.628957589266,0.2816881974139869,12302.719951097395,1401.1763463957877,26363258,23771815,25729532,23296727
75,105,10,6,df+ss,df -> iso -> ss,2255644.3583040796,468.5524660778419,38345.954091169355,23295325.823653605,40110.628957589266,0.2816881974139869,12302.719951097395,1401.1763463957877,26363258,23771815,25729532,23296727
75,105,10,6,df+ss,ss -> iso -> df,2255644.3583040796,468.5524660778419,38345.954091169355,23295325.823653605,40110.628957589266,0.2816881974139869,12302.719951097395,1401.1763463957877,26363258,23771815,25729532,23296727
75,105,10,6,df+ss,df -> ss -> iso,2255644.3583040796,468.5524660778419,38345.954091169355,23295325.823653605,40110.628957589266,0.2816881974139869,12302.719951097395,1401.1763463957877,26363258,23771815,25729532,23296727
75,105,10,7,none,iso -> df -> ss,2257405.9130658805,467.35877432136255,38375.90052211997,23451176.0,40417.092705908726,0.28335099939649183,,,26363258,23771815,25902605,23451176
75,105,10,7,none,df -> iso -> ss,2257405.9130658805,467.35877432136255,38375.90052211997,23451176.0,40417.092705908726,0.28335099939649183,,,26363258,23771815,25902605,23451176
75,105,10,7,none,ss -> iso -> df,2257405.9130658805,467.35877432136255,38375.90052211997,23451176.0,40417.092705908726,0.28335099939649183,,,26363258,23771815,25902605,23451176
75,105,10,7,none,df -> ss -> iso,2257405.9130658805,467.35877432136255,38375.90052211997,23451176.0,40417.092705908726,0.28335099939649183,,,26363258,23771815,25902605,23451176
75,105,10,7,df,iso -> df -> ss,2256177.76533149,467.1045065281809,38355.02201063533,23451176.0,40417.092705908726,0.2835052411824422,12539.792416216216,,26363258,23771815,25902605,23451176
75,105,10,7,df,df -> iso -> ss,2256177.76533149,467.1045065281809,38355.02201063533,23451176.0,40417.092705908726,0.2835052411824422,12539.792416216216,,26363258,23771815,25902605,23451176
75,105,10,7,df,ss -> iso -> df,2256177.76533149,467.1045065281809,38355.02201063533,23451176.0,40417.092705908726,0.2835052411824422,12539.792416216216,,26363258,23771815,25902605,23451176
75,105,10,7,df,df -> ss -> iso,2256177.76533149,467.1045065281809,38355.02201063533,23451176.0,40417.092705908726,0.2835052411824422,12539.792416216216,,26363258,23771815,25902605,23451176
75,105,10,7,ss,iso -> df -> ss,2257262.6729838517,467.3439973580058,38373.465440725486,23449690.507733487,40417.092705908726,0.28335099939649183,,1485.492266513223,26363258,23771815,25902605,23451176
75,105,10,7,ss,df -> iso -> ss,2257262.6729838517,467.3439973580058,38373.465440725486,23449690.507733487,40417.092705908726,0.28335099939649183,,1485.492266513223,26363258,23771815,25902605,23451176
75,105,10,7,ss,ss -> iso -> df,2257262.6729838517,467.3439973580058,38373.465440725486,23449690.507733487,40417.092705908726,0.28335099939649183,,1485.492266513223,26363258,23771815,25902605,23451176
75,105,10,7,ss,df -> ss -> iso,2257262.6729838517,467.3439973580058,38373.465440725486,23449690.507733487,40417.092705908726,0.28335099939649183,,1485.492266513223,26363258,23771815,25902605,23451176
75,105,10,7,df+ss,iso -> df -> ss,2256034.6031796113,467.0897376042707,38352.58825405339,23449690.507733487,40417.092705908726,0.2835052411824422,12539.792416216216,1485.492266513223,26363258,23771815,25902605,23451176
75,105,10,7,df+ss,df -> iso -> ss,2256034.6031796113,467.0897376042707,38352.58825405339,23449690.507733487,40417.092705908726,0.2835052411824422,12539.792416216216,1485.492266513223,26363258,23771815,25902605,23451176
75,105,10,7,df+ss,ss -> iso -> df,2256034.6031796113,467.0897376042707,38352.58825405339,23449690.507733487,40417.092705908726,0.2835052411824422,12539.792416216216,1485.492266513223,26363258,23771815,25902605,23451176
75,105,10,7,df+ss,df -> ss -> iso,2256034.6031796113,467.0897376042707,38352.58825405339,23449690.507733487,40417.092705908726,0.2835052411824422,12539.792416216216,1485.492266513223,26363258,23771815,25902605,23451176
80,100,8,5,none,iso -> df -> ss,2255689.9413670534,482.00912555234015,38346.72900323991,21976663.0,25523.71878705853,0.26588667744592404,,,26363258,22656861,25394841,21976663
80,100,8,5,none,df -> iso -> ss,2255689.9413670534,482.00912555234015,38346.72900323991,21976663.0,25523.71878705853,0.26588667744592404,,,26363258,22656861,25394841,21976663
80,100,8,5,none,ss -> iso -> df,2255689.9413670534,482.00912555234015,38346.72900323991,21976663.0,25523.71878705853,0.26588667744592404,,,26363258,22656861,25394841,21976663
80,100,8,5,none,df -> ss -> iso,2255689.9413670534,482.00912555234015,38346.72900323991,21976663.0,25523.71878705853,0.26588667744592404,,,26363258,22656861,25394841,21976663
80,100,8,5,df,iso -> df -> ss,2254877.1232616743,481.83543778744746,38332.911095448464,21976663.0,25523.71878705853,0.2659825219170829,7792.115250534356,,26363258,22656861,25394841,21976663
80,100,8,5,df,df -> iso -> ss,2254877.1232616743,481.83543778744746,38332.911095448464,21976663.0,25523.71878705853,0.2659825219170829,7792.115250534356,,26363258,22656861,25394841,21976663
80,100,8,5,df,ss -> iso -> df,2254877.1232616743,481.83543778744746,38332.911095448464,21976663.0,25523.71878705853,0.2659825219170829,7792.115250534356,,26363258,22656861,25394841,21976663
80,100,8,5,df,df -> ss -> iso,2254877.1232616743,481.83543778744746,38332.911095448464,21976663.0,25523.71878705853,0.2659825219170829,7792.115250534356,,26363258,22656861,25394841,21976663
80,100,8,5,ss,iso -> df -> ss,2255610.4700253517,482.0006542254032,38345.377990430985,21975889.6284215,25523.71878705853,0.26588667744592404,,773.3715785011291,26363258,22656861,25394841,21976663
80,100,8,5,ss,df -> iso -> ss,2255610.4700253517,482.0006542254032,38345.377990430985,21975889.6284215,25523.71878705853,0.26588667744592404,,773.3715785011291,26363258,22656861,25394841,21976663
80,100,8,5,ss,ss -> iso -> df,2255610.4700253517,482.0006542254032,38345.377990430985,21975889.6284215,25523.71878705853,0.26588667744592404,,773.3715785011291,26363258,22656861,25394841,21976663
80,100,8,5,ss,df -> ss -> iso,2255610.4700253517,482.0006542254032,38345.377990430985,21975889.6284215,25523.71878705853,0.26588667744592404,,773.3715785011291,26363258,22656861,25394841,21976663
80,100,8,5,df+ss,iso -> df -> ss,2254797.680556774,481.8269695130789,38331.56056946516,21975889.6284215,25523.71878705853,0.2659825219170829,7792.115250534356,773.3715785011291,26363258,22656861,25394841,21976663
80,100,8,5,df+ss,df -> iso -> ss,2254797.680556774,481.8269695130789,38331.56056946516,21975889.6284215,25523.71878705853,0.2659825219170829,7792.115250534356,773.3715785011291,26363258,22656861,25394841,21976663
80,100,8,5,df+ss,ss -> iso -> df,2254797.680556774,481.8269695130789,38331.56056946516,21975889.6284215,25523.71878705853,0.2659825219170829,7792.115250534356,773.3715785011291,26363258,22656861,25394841,21976663
80,100,8,5,df+ss,df -> ss -> iso,2254797.680556774,481.8269695130789,38331.56056946516,21975889.6284215,25523.71878705853,0.2659825219170829,7792.115250534356,773.3715785011291,26363258,22656861,25394841,21976663
80,100,8,6,none,iso -> df -> ss,2255852.4758912516,479.1584591031947,38349.49209015128,22242413.0,25923.931087210512,0.26908138034066575,,,26363258,22656861,25709429,22242413
80,100,8,6,none,df -> iso -> ss,2255852.4758912516,479.1584591031947,38349.49209015128,22242413.0,25923.931087210512,0.26908138034066575,,,26363258,22656861,25709429,22242413
80,100,8,6,none,ss -> iso -> df,2255852.4758912516,479.1584591031947,38349.49209015128,22242413.0,25923.931087210512,0.26908138034066575,,,26363258,22656861,25709429,22242413
80,100,8,6,none,df -> ss -> iso,2255852.4758912516,479.1584591031947,38349.49209015128,22242413.0,25923.931087210512,0.26908138034066575,,,26363258,22656861,25709429,22242413
80,100,8,6,df,iso -> df -> ss,2255032.606665365,478.98431328508804,38335.55431331121,22242413.0,25923.931087210512,0.26917921109590554,7953.599312077513,,26363258,22656861,25709429,22242413
80,100,8,6,df,df -> iso -> ss,2255032.606665365,478.98431328508804,38335.55431331121,22242413.0,25923.931087210512,0.26917921109590554,7953.599312077513,,26363258,22656861,25709429,22242413
80,100,8,6,df,ss -> iso -> df,2255032.606665365,478.98431328508804,38335.55431331121,22242413.0,25923.931087210512,0.26917921109590554,7953.599312077513,,26363258,22656861,25709429,22242413
80,100,8,6,df,df -> ss -> iso,2255032.606665365,478.98431328508804,38335.55431331121,22242413.0,25923.931087210512,0.26917921109590554,7953.599312077513,,26363258,22656861,25709429,22242413
80,100,8,6,ss,iso -> df -> ss,2255767.757441359,479.14948257950607,38348.05187650311,22241578.66063779,25923.931087210512,0.26908138034066575,,834.3393622099856,26363258,22656861,25709429,22242413
80,100,8,6,ss,df -> iso -> ss,2255767.757441359,479.14948257950607,38348.05187650311,22241578.66063779,25923.931087210512,0.26908138034066575,,834.3393622099856,26363258,22656861,25709429,22242413
80,100,8,6,ss,ss -> iso -> df,2255767.757441359,479.14948257950607,38348.05187650311,22241578.66063779,25923.931087210512,0.26908138034066575,,834.3393622099856,26363258,22656861,25709429,22242413
80,100,8,6,ss,df -> ss -> iso,2255767.757441359,479.14948257950607,38348.05187650311,22241578.66063779,25923.931087210512,0.26908138034066575,,834.3393622099856,26363258,22656861,25709429,22242413
80,100,8,6,df+ss,iso -> df -> ss,2254947.919005628,478.975340023836,38334.11462309568,22241578.66063779,25923.931087210512,0.26917921109590554,7953.599312077513,834.3393622099856,26363258,22656861,25709429,22242413
80,100,8,6,df+ss,df -> iso -> ss,2254947.919005628,478.975340023836,38334.11462309568,22241578.66063779,25923.931087210512,0.26917921109590554,7953.599312077513,834.3393622099856,26363258,22656861,25709429,22242413
80,100,8,6,df+ss,ss -> iso -> df,2254947.919005628,478.975340023836,38334.11462309568,22241578.66063779,25923.931087210512,0.26917921109590554,7953.599312077513,834.3393622099856,26363258,22656861,25709429,22242413
80,100,8,6,df+ss,df -> ss -> iso,2254947.919005628,478.975340023836,38334.11462309568,22241578.66063779,25923.931087210512,0.26917921109590554,7953.599312077513,834.3393622099856,26363258,22656861,25709429,22242413
80,100,8,7,none,iso -> df -> ss,2256074.5319309067,477.68997507748475,38353.26704282541,22383888.0,26124.24956360262,0.27076581619444895,,,26363258,22656861,25881241,22383888
80,100,8,7,none,df -> iso -> ss,2256074.5319309067,477.68997507748475,38353.26704282541,22383888.0,26124.24956360262,0.27076581619444895,,,26363258,22656861,25881241,22383888
80,100,8,7,none,ss -> iso -> df,2256074.5319309067,477.68997507748475,38353.26704282541,22383888.0,26124.24956360262,0.27076581619444895,,,26363258,22656861,25881241,22383888
80,100,8,7,none,df -> ss -> iso,2256074.5319309067,477.68997507748475,38353.26704282541,22383888.0,26124.24956360262,0.27076581619444895,,,26363258,22656861,25881241,22383888
80,100,8,7,df,iso -> df -> ss,2255247.2271403754,477.5148056851721,38339.20286138639,22383888.0,26124.24956360262,0.2708651427135791,8075.20428813919,,26363258,22656861,25881241,22383888
80,100,8,7,df,df -> iso -> ss,2255247.2271403754,477.5148056851721,38339.20286138639,22383888.0,26124.24956360262,0.2708651427135791,8075.20428813919,,26363258,22656861,25881241,22383888
80,100,8,7,df,ss -> iso -> df,2255247.2271403754,477.5148056851721,38339.20286138639,22383888.0,26124.24956360262,0.2708651427135791,8075.20428813919,,26363258,22656861,25881241,22383888
80,100,8,7,df,df -> ss -> iso,2255247.2271403754,477.5148056851721,38339.20286138639,22383888.0,26124.24956360262,0.2708651427135791,8075.20428813919,,26363258,22656861,25881241,22383888
80,100,8,7,ss,iso -> df -> ss,2255986.8593594255,477.6807149511519,38351.77660911024,22383019.162285276,26124.24956360262,0.27076581619444895,,868.8377147225743,26363258,22656861,25881241,22383888
80,100,8,7,ss,df -> iso -> ss,2255986.8593594255,477.6807149511519,38351.77660911024,22383019.162285276,26124.24956360262,0.27076581619444895,,868.8377147225743,26363258,22656861,25881241,22383888
80,100,8,7,ss,ss -> iso -> df,2255986.8593594255,477.6807149511519,38351.77660911024,22383019.162285276,26124.24956360262,0.27076581619444895,,868.8377147225743,26363258,22656861,25881241,22383888
80,100,8,7,ss,df -> ss -> iso,2255986.8593594255,477.6807149511519,38351.77660911024,22383019.162285276,26124.24956360262,0.27076581619444895,,868.8377147225743,26363258,22656861,25881241,22383888
80,100,8,7,df+ss,iso -> df -> ss,2255159.586718514,477.5055489545369,38337.712974214744,22383019.162285276,26124.24956360262,0.2708651427135791,8075.20428813919,868.8377147225743,26363258,22656861,25881241,22383888
80,100,8,7,df+ss,df -> iso -> ss,2255159.586718514,477.5055489545369,38337.712974214744,22383019.162285276,26124.24956360262,0.2708651427135791,8075.20428813919,868.8377147225743,26363258,22656861,25881241,22383888
80,100,8,7,df+ss,ss -> iso -> df,2255159.586718514,477.5055489545369,38337.712974214744,22383019.162285276,26124.24956360262,0.2708651427135791,8075.20428813919,868.8377147225743,26363258,22656861,25881241,22383888
80,100,8,7,df+ss,df -> ss -> iso,2255159.586718514,477.5055489545369,38337.712974214744,22383019.162285276,26124.24956360262,0.2708651427135791,8075.20428813919,868.8377147225743,26363258,22656861,25881241,22383888
80,100,9,5,none,iso -> df -> ss,2256480.6187462946,482.090700283643,38360.17051868701,21984609.0,25525.77347408794,0.265889698568637,,,26363258,22656861,25406311,21984609
80,100,9,5,none,df -> iso -> ss,2256480.6187462946,482.090700283643,38360.17051868701,21984609.0,25525.77347408794,0.265889698568637,,,26363258,22656861,25406311,21984609
80,100,9,5,none,ss -> iso -> df,2256480.6187462946,482.090700283643,38360.17051868701,21984609.0,25525.77347408794,0.265889698568637,,,26363258,22656861,25406311,21984609
80,100,9,5,none,df -> ss -> iso,2256480.6187462946,482.090700283643,38360.17051868701,21984609.0,25525.77347408794,0.265889698568637,,,26363258,22656861,25406311,21984609
80,100,9,5,df,iso -> df -> ss,2255650.945140894,481.91344286511634,38346.0660673952,21984609.0,25525.77347408794,0.26598749812637684,7951.062968436523,,26363258,22656861,25406311,21984609
80,100,9,5,df,df -> iso -> ss,2255650.945140894,481.91344286511634,38346.0660673952,21984609.0,25525.77347408794,0.26598749812637684,7951.062968436523,,26363258,22656861,25406311,21984609
80,100,9,5,df,ss -> iso -> df,2255650.945140894,481.91344286511634,38346.0660673952,21984609.0,25525.77347408794,0.26598749812637684,7951.062968436523,,26363258,22656861,25406311,21984609
80,100,9,5,df,df -> ss -> iso,2255650.945140894,481.91344286511634,38346.0660673952,21984609.0,25525.77347408794,0.26598749812637684,7951.062968436523,,26363258,22656861,25406311,21984609
80,100,9,5,ss,iso -> df -> ss,2256396.026759671,482.08168473961416,38358.73245491441,21983785.787755616,25525.77347408794,0.265889698568637,,823.2122443837818,26363258,22656861,25406311,21984609
80,100,9,5,ss,df -> iso -> ss,2256396.026759671,482.08168473961416,38358.73245491441,21983785.787755616,25525.77347408794,0.265889698568637,,823.2122443837818,26363258,22656861,25406311,21984609
80,100,9,5,ss,ss -> iso -> df,2256396.026759671,482.08168473961416,38358.73245491441,21983785.787755616,25525.77347408794,0.265889698568637,,823.2122443837818,26363258,22656861,25406311,21984609
80,100,9,5,ss,df -> ss -> iso,2256396.026759671,482.08168473961416,38358.73245491441,21983785.787755616,25525.77347408794,0.265889698568637,,823.2122443837818,26363258,22656861,25406311,21984609
80,100,9,5,df+ss,iso -> df -> ss,2255566.384257457,481.90443063596587,38344.62853237677,21983785.787755616,25525.77347408794,0.26598749812637684,7951.062968436523,823.2122443837818,26363258,22656861,25406311,21984609
80,100,9,5,df+ss,df -> iso -> ss,2255566.384257457,481.90443063596587,38344.62853237677,21983785.787755616,25525.77347408794,0.26598749812637684,7951.062968436523,823.2122443837818,26363258,22656861,25406311,21984609
80,100,9,5,df+ss,ss -> iso -> df,2255566.384257457,481.90443063596587,38344.62853237677,21983785.787755616,25525.77347408794,0.26598749812637684,7951.062968436523,823.2122443837818,26363258,22656861,25406311,21984609
80,100,9,5,df+ss,df -> ss -> iso,2255566.384257457,481.90443063596587,38344.62853237677,21983785.787755616,25525.77347408794,0.26598749812637684,7951.062968436523,823.2122443837818,26363258,22656861,25406311,21984609
80,100,9,6,none,iso -> df -> ss,2256685.483957619,479.24385945889946,38363.65322727952,22250887.0,25925.98577423992,0.2690846271180186,,,26363258,22656861,25721743,22250887
80,100,9,6,none,df -> iso -> ss,2256685.483957619,479.24385945889946,38363.65322727952,22250887.0,25925.98577423992,0.2690846271180186,,,26363258,22656861,25721743,22250887
80,100,9,6,none,ss -> iso -> df,2256685.483957619,479.24385945889946,38363.65322727952,22250887.0,25925.98577423992,0.2690846271180186,,,26363258,22656861,25721743,22250887
80,100,9,6,none,df -> ss -> iso,2256685.483957619,479.24385945889946,38363.65322727952,22250887.0,25925.98577423992,0.2690846271180186,,,26363258,22656861,25721743,22250887
80,100,9,6,df,iso -> df -> ss,2255847.5126110096,479.06590261683175,38349.40771438717,22250887.0,25925.98577423992,0.2691845829909566,8126.370488390374,,26363258,22656861,25721743,22250887
80,100,9,6,df,df -> iso -> ss,2255847.5126110096,479.06590261683175,38349.40771438717,22250887.0,25925.98577423992,0.2691845829909566,8126.370488390374,,26363258,22656861,25721743,22250887
80,100,9,6,df,ss -> iso -> df,2255847.5126110096,479.06590261683175,38349.40771438717,22250887.0,25925.98577423992,0.2691845829909566,8126.370488390374,,26363258,22656861,25721743,22250887
80,100,9,6,df,df -> ss -> iso,2255847.5126110096,479.06590261683175,38349.40771438717,22250887.0,25925.98577423992,0.2691845829909566,8126.370488390374,,26363258,22656861,25721743,22250887
80,100,9,6,ss,iso -> df -> ss,2256594.995023501,479.2342733294128,38362.11491539952,22249995.819971908,25925.98577423992,0.2690846271180186,,891.1800280926384,26363258,22656861,25721743,22250887
80,100,9,6,ss,df -> iso -> ss,2256594.995023501,479.2342733294128,38362.11491539952,22249995.819971908,25925.98577423992,0.2690846271180186,,891.1800280926384,26363258,22656861,25721743,22250887
80,100,9,6,ss,ss -> iso -> df,2256594.995023501,479.2342733294128,38362.11491539952,22249995.819971908,25925.98577423992,0.2690846271180186,,891.1800280926384,26363258,22656861,25721743,22250887
80,100,9,6,ss,df -> ss -> iso,2256594.995023501,479.2342733294128,38362.11491539952,22249995.819971908,25925.98577423992,0.2690846271180186,,891.1800280926384,26363258,22656861,25721743,22250887
80,100,9,6,df+ss,iso -> df -> ss,2255757.0572780003,479.056320046947,38347.86997372601,22249995.819971908,25925.98577423992,0.2691845829909566,8126.370488390374,891.1800280926384,26363258,22656861,25721743,22250887
80,100,9,6,df+ss,df -> iso -> ss,2255757.0572780003,479.056320046947,38347.86997372601,22249995.819971908,25925.98577423992,0.2691845829909566,8126.370488390374,891.1800280926384,26363258,22656861,25721743,22250887
80,100,9,6,df+ss,ss -> iso -> df,2255757.0572780003,479.056320046947,38347.86997372601,22249995.819971908,25925.98577423992,0.2691845829909566,8126.370488390374,891.1800280926384,26363258,22656861,25721743,22250887
80,100,9,6,df+ss,df -> ss -> iso,2255757.0572780003,479.056320046947,38347.86997372601,22249995.819971908,25925.98577423992,0.2691845829909566,8126.370488390374,891.1800280926384,26363258,22656861,25721743,22250887
80,100,9,7,none,iso -> df -> ss,2256946.089329376,477.77894370915504,38368.08351859939,22392821.0,26127.065764327777,0.2707693635288569,,,26363258,22656861,25894369,22392821
80,100,9,7,none,df -> iso -> ss,2256946.089329376,477.77894370915504,38368.08351859939,22392821.0,26127.065764327777,0.2707693635288569,,,26363258,22656861,25894369,22392821
80,100,9,7,none,ss -> iso -> df,2256946.089329376,477.77894370915504,38368.08351859939,22392821.0,26127.065764327777,0.2707693635288569,,,26363258,22656861,25894369,22392821
80,100,9,7,none,df -> ss -> iso,2256946.089329376,477.77894370915504,38368.08351859939,22392821.0,26127.065764327777,0.2707693635288569,,,26363258,22656861,25894369,22392821
80,100,9,7,df,iso -> df -> ss,2256099.5967713674,477.5997474394101,38353.69314511325,22392821.0,26127.065764327777,0.2708709566728351,8259.479936310174,,26363258,22656861,25894369,22392821
80,100,9,7,df,df -> iso -> ss,2256099.5967713674,477.5997474394101,38353.69314511325,22392821.0,26127.065764327777,0.2708709566728351,8259.479936310174,,26363258,22656861,25894369,22392821
80,100,9,7,df,ss -> iso -> df,2256099.5967713674,477.5997474394101,38353.69314511325,22392821.0,26127.065764327777,0.2708709566728351,8259.479936310174,,26363258,22656861,25894369,22392821
80,100,9,7,df,df -> ss -> iso,2256099.5967713674,477.5997474394101,38353.69314511325,22392821.0,26127.065764327777,0.2708709566728351,8259.479936310174,,26363258,22656861,25894369,22392821
80,100,9,7,ss,iso -> df -> ss,2256851.8750581034,477.76899461355487,38366.48187598776,22391887.321619395,26127.065764327777,0.2707693635288569,,933.6783806052272,26363258,22656861,25894369,22392821
80,100,9,7,ss,df -> iso -> ss,2256851.8750581034,477.76899461355487,38366.48187598776,22391887.321619395,26127.065764327777,0.2707693635288569,,933.6783806052272,26363258,22656861,25894369,22392821
80,100,9,7,ss,ss -> iso -> df,2256851.8750581034,477.76899461355487,38366.48187598776,22391887.321619395,26127.065764327777,0.2707693635288569,,933.6783806052272,26363258,22656861,25894369,22392821
80,100,9,7,ss,df -> ss -> iso,2256851.8750581034,477.76899461355487,38366.48187598776,22391887.321619395,26127.065764327777,0.2707693635288569,,933.6783806052272,26363258,22656861,25894369,22392821
80,100,9,7,df+ss,iso -> df -> ss,2256005.417836197,477.5898020753281,38352.09210321536,22391887.321619395,26127.065764327777,0.2708709566728351,8259.479936310174,933.6783806052272,26363258,22656861,25894369,22392821
80,100,9,7,df+ss,df -> iso -> ss,2256005.417836197,477.5898020753281,38352.09210321536,22391887.321619395,26127.065764327777,0.2708709566728351,8259.479936310174,933.6783806052272,26363258,22656861,25894369,22392821
80,100,9,7,df+ss,ss -> iso -> df,2256005.417836197,477.5898020753281,38352.09210321536,22391887.321619395,26127.065764327777,0.2708709566728351,8259.479936310174,933.6783806052272,26363258,22656861,25894369,22392821
80,100,9,7,df+ss,df -> ss -> iso,2256005.417836197,477.5898020753281,38352.09210321536,22391887.321619395,26127.065764327777,0.2708709566728351,8259.479936310174,933.6783806052272,26363258,22656861,25894369,22392821
80,100,10,5,none,iso -> df -> ss,2256938.4090116094,482.138437102283,38367.95295319736,21989164.0,25527.289703949493,0.26589089063006155,,,26363258,22656861,25413480,21989164
80,100,10,5,none,df -> iso -> ss,2256938.4090116094,482.138437102283,38367.95295319736,21989164.0,25527.289703949493,0.26589089063006155,,,26363258,22656861,25413480,21989164
80,100,10,5,none,ss -> iso -> df,2256938.4090116094,482.138437102283,38367.95295319736,21989164.0,25527.289703949493,0.26589089063006155,,,26363258,22656861,25413480,21989164
80,100,10,5,none,df -> ss -> iso,2256938.4090116094,482.138437102283,38367.95295319736,21989164.0,25527.289703949493,0.26589089063006155,,,26363258,22656861,25413480,21989164
80,100,10,5,df,iso -> df -> ss,2256095.849372462,481.95844531076483,38353.62943933185,21989164.0,25527.289703949493,0.2659901900161777,8072.9983855020255,,26363258,22656861,25413480,21989164
80,100,10,5,df,df -> iso -> ss,2256095.849372462,481.95844531076483,38353.62943933185,21989164.0,25527.289703949493,0.2659901900161777,8072.9983855020255,,26363258,22656861,25413480,21989164
80,100,10,5,df,ss -> iso -> df,2256095.849372462,481.95844531076483,38353.62943933185,21989164.0,25527.289703949493,0.2659901900161777,8072.9983855020255,,26363258,22656861,25413480,21989164
80,100,10,5,df,df -> ss -> iso,2256095.849372462,481.95844531076483,38353.62943933185,21989164.0,25527.289703949493,0.2659901900161777,8072.9983855020255,,26363258,22656861,25413480,21989164
80,100,10,5,ss,iso -> df -> ss,2256848.987780315,482.1289078540139,38366.432792265354,21988293.787755616,25527.289703949493,0.26589089063006155,,870.2122443837818,26363258,22656861,25413480,21989164
80,100,10,5,ss,df -> iso -> ss,2256848.987780315,482.1289078540139,38366.432792265354,21988293.787755616,25527.289703949493,0.26589089063006155,,870.2122443837818,26363258,22656861,25413480,21989164
80,100,10,5,ss,ss -> iso -> df,2256848.987780315,482.1289078540139,38366.432792265354,21988293.787755616,25527.289703949493,0.26589089063006155,,870.2122443837818,26363258,22656861,25413480,21989164
80,100,10,5,ss,df -> ss -> iso,2256848.987780315,482.1289078540139,38366.432792265354,21988293.787755616,25527.289703949493,0.26589089063006155,,870.2122443837818,26363258,22656861,25413480,21989164
80,100,10,5,df+ss,iso -> df -> ss,2256006.4615238775,481.94891961995216,38352.10984590592,21988293.787755616,25527.289703949493,0.2659901900161777,8072.9983855020255,870.2122443837818,26363258,22656861,25413480,21989164
80,100,10,5,df+ss,df -> iso -> ss,2256006.4615238775,481.94891961995216,38352.10984590592,21988293.787755616,25527.289703949493,0.2659901900161777,8072.9983855020255,870.2122443837818,26363258,22656861,25413480,21989164
80,100,10,5,df+ss,ss -> iso -> df,2256006.4615238775,481.94891961995216,38352.10984590592,21988293.787755616,25527.289703949493,0.2659901900161777,8072.9983855020255,870.2122443837818,26363258,22656861,25413480,21989164
80,100,10,5,df+ss,df -> ss -> iso,2256006.4615238775,481.94891961995216,38352.10984590592,21988293.787755616,25527.289703949493,0.2659901900161777,8072.9983855020255,870.2122443837818,26363258,22656861,25413480,21989164
80,100,10,6,none,iso -> df -> ss,2257173.814446603,479.29445229838296,38371.954845592256,22255806.0,25927.502004101476,0.26908593638915274,,,26363258,22656861,25729532,22255806
80,100,10,6,none,df -> iso -> ss,2257173.814446603,479.29445229838296,38371.954845592256,22255806.0,25927.502004101476,0.26908593638915274,,,26363258,22656861,25729532,22255806
80,100,10,6,none,ss -> iso -> df,2257173.814446603,479.29445229838296,38371.954845592256,22255806.0,25927.502004101476,0.26908593638915274,,,26363258,22656861,25729532,22255806
80,100,10,6,none,df -> ss -> iso,2257173.814446603,479.29445229838296,38371.954845592256,22255806.0,25927.502004101476,0.26908593638915274,,,26363258,22656861,25729532,22255806
80,100,10,6,df,iso -> df -> ss,2256322.028841409,479.11358181667526,38357.474490303954,22255806.0,25927.502004101476,0.26918751919703504,8258.639616053231,,26363258,22656861,25729532,22255806
80,100,10,6,df,df -> iso -> ss,2256322.028841409,479.11358181667526,38357.474490303954,22255806.0,25927.502004101476,0.26918751919703504,8258.639616053231,,26363258,22656861,25729532,22255806
80,100,10,6,df,ss -> iso -> df,2256322.028841409,479.11358181667526,38357.474490303954,22255806.0,25927.502004101476,0.26918751919703504,8258.639616053231,,26363258,22656861,25729532,22255806
80,100,10,6,df,df -> ss -> iso,2256322.028841409,479.11358181667526,38357.474490303954,22255806.0,25927.502004101476,0.26918751919703504,8258.639616053231,,26363258,22656861,25729532,22255806
80,100,10,6,ss,iso -> df -> ss,2257078.045985164,479.2843079858018,38370.32678174779,22254862.819971908,25927.502004101476,0.26908593638915274,,943.1800280926384,26363258,22656861,25729532,22255806
80,100,10,6,ss,df -> iso -> ss,2257078.045985164,479.2843079858018,38370.32678174779,22254862.819971908,25927.502004101476,0.26908593638915274,,943.1800280926384,26363258,22656861,25729532,22255806
80,100,10,6,ss,ss -> iso -> df,2257078.045985164,479.2843079858018,38370.32678174779,22254862.819971908,25927.502004101476,0.26908593638915274,,943.1800280926384,26363258,22656861,25729532,22255806
80,100,10,6,ss,df -> ss -> iso,2257078.045985164,479.2843079858018,38370.32678174779,22254862.819971908,25927.502004101476,0.26908593638915274,,943.1800280926384,26363258,22656861,25729532,22255806
80,100,10,6,df+ss,iso -> df -> ss,2256226.296519942,479.103441332235,38355.84704083902,22254862.819971908,25927.502004101476,0.26918751919703504,8258.639616053231,943.1800280926384,26363258,22656861,25729532,22255806
80,100,10,6,df+ss,df -> iso -> ss,2256226.296519942,479.103441332235,38355.84704083902,22254862.819971908,25927.502004101476,0.26918751919703504,8258.639616053231,943.1800280926384,26363258,22656861,25729532,22255806
80,100,10,6,df+ss,ss -> iso -> df,2256226.296519942,479.103441332235,38355.84704083902,22254862.819971908,25927.502004101476,0.26918751919703504,8258.639616053231,943.1800280926384,26363258,22656861,25729532,22255806
80,100,10,6,df+ss,df -> ss -> iso,2256226.296519942,479.103441332235,38355.84704083902,22254862.819971908,25927.502004101476,0.26918751919703504,8258.639616053231,943.1800280926384,26363258,22656861,25729532,22255806
80,100,10,7,none,iso -> df -> ss,2257454.6371285086,477.8313835191429,38376.72883118465,22397983.0,26128.58199418933,0.27077082431587396,,,26363258,22656861,25902605,22397983
80,100,10,7,none,df -> iso -> ss,2257454.6371285086,477.8313835191429,38376.72883118465,22397983.0,26128.58199418933,0.27077082431587396,,,26363258,22656861,25902605,22397983
80,100,10,7,none,ss -> iso -> df,2257454.6371285086,477.8313835191429,38376.72883118465,22397983.0,26128.58199418933,0.27077082431587396,,,26363258,22656861,25902605,22397983
80,100,10,7,none,df -> ss -> iso,2257454.6371285086,477.8313835191429,38376.72883118465,22397983.0,26128.58199418933,0.27077082431587396,,,26363258,22656861,25902605,22397983
80,100,10,7,df,iso -> df -> ss,2256592.8633987685,477.6489734158392,38362.07867777906,22397983.0,26128.58199418933,0.270874229403677,8406.79020825572,,26363258,22656861,25902605,22397983
80,100,10,7,df,df -> iso -> ss,2256592.8633987685,477.6489734158392,38362.07867777906,22397983.0,26128.58199418933,0.270874229403677,8406.79020825572,,26363258,22656861,25902605,22397983
80,100,10,7,df,ss -> iso -> df,2256592.8633987685,477.6489734158392,38362.07867777906,22397983.0,26128.58199418933,0.270874229403677,8406.79020825572,,26363258,22656861,25902605,22397983
80,100,10,7,df,df -> ss -> iso,2256592.8633987685,477.6489734158392,38362.07867777906,22397983.0,26128.58199418933,0.270874229403677,8406.79020825572,,26363258,22656861,25902605,22397983
80,100,10,7,ss,iso -> df -> ss,2257354.570816749,477.8208176536925,38375.027703884734,22396991.321619395,26128.58199418933,0.27077082431587396,,991.6783806052272,26363258,22656861,25902605,22397983
80,100,10,7,ss,df -> iso -> ss,2257354.570816749,477.8208176536925,38375.027703884734,22396991.321619395,26128.58199418933,0.27077082431587396,,991.6783806052272,26363258,22656861,25902605,22397983
80,100,10,7,ss,ss -> iso -> df,2257354.570816749,477.8208176536925,38375.027703884734,22396991.321619395,26128.58199418933,0.27077082431587396,,991.6783806052272,26363258,22656861,25902605,22397983
80,100,10,7,ss,df -> ss -> iso,2257354.570816749,477.8208176536925,38375.027703884734,22396991.321619395,26128.58199418933,0.27077082431587396,,991.6783806052272,26363258,22656861,25902605,22397983
80,100,10,7,df+ss,iso -> df -> ss,2256492.835286899,477.6384115838631,38360.37819987728,22396991.321619395,26128.58199418933,0.270874229403677,8406.79020825572,991.6783806052272,26363258,22656861,25902605,22397983
80,100,10,7,df+ss,df -> iso -> ss,2256492.835286899,477.6384115838631,38360.37819987728,22396991.321619395,26128.58199418933,0.270874229403677,8406.79020825572,991.6783806052272,26363258,22656861,25902605,22397983
80,100,10,7,df+ss,ss -> iso -> df,2256492.835286899,477.6384115838631,38360.37819987728,22396991.321619395,26128.58199418933,0.270874229403677,8406.79020825572,991.6783806052272,26363258,22656861,25902605,22397983
80,100,10,7,df+ss,df -> ss -> iso,2256492.835286899,477.6384115838631,38360.37819987728,22396991.321619395,26128.58199418933,0.270874229403677,8406.79020825572,991.6783806052272,26363258,22656861,25902605,22397983
