ptcut,etcut,mode,order,mlow,mhigh,sigma_fb,unc_stat_fb,unc_lumi_fb,N_selected,N_background,eff,delta_df,delta_ss,data_n_total,data_n_after_mass,data_n_after_iso,data_n_after_mass_and_iso
2,2,none,iso -> df -> ss,66,116,2213838.7540140934,514.0193565057815,37635.25881823959,18709599.0,53558.55097398215,0.2302461641330923,,,26363258,24783058,19873862,18709599
2,2,df,iso -> df -> ss,66,116,2212487.715531413,513.7056661205975,37612.291164034024,18709599.0,53558.55097398215,0.23038676216943374,11430.561303385453,,26363258,24783058,19873862,18709599
2,2,ss,iso -> df -> ss,66,116,2213769.5269762143,514.0113655971185,37634.08195859564,18709015.62308671,53558.55097398215,0.2302461641330923,,583.3769132923107,26363258,24783058,19873862,18709599
2,2,df+ss,iso -> df -> ss,66,116,2212418.5307406904,513.697680088543,37611.11502259174,18709015.62308671,53558.55097398215,0.23038676216943374,11430.561303385453,583.3769132923107,26363258,24783058,19873862,18709599
2,3,none,iso -> df -> ss,66,116,2222949.5629541157,485.0170923882032,37790.14257021997,21188075.0,60895.82918280052,0.2596754070159279,,,26363258,24783058,22500279,21188075
2,3,df,iso -> df -> ss,66,116,2221583.4234529096,484.7190194945514,37766.918198699466,21188075.0,60895.82918280052,0.259835091692754,12982.297158398316,,26363258,24783058,22500279,21188075
2,3,ss,iso -> df -> ss,66,116,2222878.893334395,485.0094269455235,37788.941186684715,21187403.34746111,60895.82918280052,0.2596754070159279,,671.6525388879979,26363258,24783058,22500279,21188075
2,3,df+ss,iso -> df -> ss,66,116,2221512.797264025,484.71135876275866,37765.71755348843,21187403.34746111,60895.82918280052,0.259835091692754,12982.297158398316,671.6525388879979,26363258,24783058,22500279,21188075
2,4,none,iso -> df -> ss,66,116,2225093.0291973706,472.8347407319124,37826.581496355306,22338037.0,64561.355053079635,0.273500883040114,,,26363258,24783058,23719263,22338037
2,4,df,iso -> df -> ss,66,116,2223741.8244174314,472.5476082150177,37803.611015096336,22338037.0,64561.355053079635,0.2736670694635664,13510.886428380603,,26363258,24783058,23719263,22338037
2,4,ss,iso -> df -> ss,66,116,2225019.7843532264,472.8270032183968,37825.33633400485,22337303.80941841,64561.355053079635,0.273500883040114,,733.190581590825,26363258,24783058,23719263,22338037
2,4,df+ss,iso -> df -> ss,66,116,2223668.6240517795,472.5398754001664,37802.36660888026,22337303.80941841,64561.355053079635,0.2736670694635664,13510.886428380603,733.190581590825,26363258,24783058,23719263,22338037
2,5,none,iso -> df -> ss,66,116,2225208.292132061,467.26246600919,37828.54096624504,22877017.0,66337.21223357547,0.28008282161978393,,,26363258,24783058,24291441,22877017
2,5,df,iso -> df -> ss,66,116,2223859.7268419475,466.9792862523731,37805.61535631311,22877017.0,66337.21223357547,0.2802526659526052,13808.272923747558,,26363258,24783058,24291441,22877017
2,5,ss,iso -> df -> ss,66,116,2225132.3445032397,467.25453808565334,37827.24985655508,22876238.45848197,66337.21223357547,0.28008282161978393,,778.5415180285343,26363258,24783058,24291441,22877017
2,5,df+ss,iso -> df -> ss,66,116,2223783.8252404286,466.9713631334754,37804.32502908729,22876238.45848197,66337.21223357547,0.2802526659526052,13808.272923747558,778.5415180285343,26363258,24783058,24291441,22877017
2,6,none,iso -> df -> ss,66,116,2225077.8945604237,464.5133004323376,37826.32420752721,23146329.0,67262.6488664536,0.2833948352576116,,,26363258,24783058,24577406,23146329
2,6,df,iso -> df -> ss,66,116,2223728.8790409225,464.2316762910751,37803.39094369568,23146329.0,67262.6488664536,0.28356675551035115,13977.044341216315,,26363258,24783058,24577406,23146329
2,6,ss,iso -> df -> ss,66,116,2224997.537246461,464.504961160248,37824.95813318984,23145495.513772268,67262.6488664536,0.2833948352576116,,833.4862277325225,26363258,24783058,24577406,23146329
2,6,df+ss,iso -> df -> ss,66,116,2223648.570445822,464.22334207490167,37802.02569757898,23145495.513772268,67262.6488664536,0.28356675551035115,13977.044341216315,833.4862277325225,26363258,24783058,24577406,23146329
2,7,none,iso -> df -> ss,66,116,2225249.9627804956,463.08485368615885,37829.24936726843,23293013.0,67710.81401465961,0.28516845684375697,,,26363258,24783058,24733275,23293013
2,7,df,iso -> df -> ss,66,116,2223898.058806694,462.80351618952847,37806.2669997138,23293013.0,67710.81401465961,0.2853418102798478,14093.561545739125,,26363258,24783058,24733275,23293013
2,7,ss,iso -> df -> ss,66,116,2225167.9012328526,463.0763644123577,37827.8543209585,23292156.51004438,67710.81401465961,0.28516845684375697,,856.4899556180278,26363258,24783058,24733275,23293013
2,7,df+ss,iso -> df -> ss,66,116,2223816.047113824,462.79503207320766,37804.872800935016,23292156.51004438,67710.81401465961,0.2853418102798478,14093.561545739125,856.4899556180278,26363258,24783058,24733275,23293013
2,8,none,iso -> df -> ss,66,116,2225682.255278063,462.3124918396957,37836.598339727076,23380026.0,67976.34926340684,0.2861779779110067,,,26363258,24783058,24825980,23380026
2,8,df,iso -> df -> ss,66,116,2224321.458881034,462.0298310188598,37813.464800977585,23380026.0,67976.34926340684,0.2863530560049105,14233.775501577766,,26363258,24783058,24825980,23380026
2,8,ss,iso -> df -> ss,66,116,2225598.5167724756,462.3038452202093,37835.17478513209,23379148.913347,67976.34926340684,0.2861779779110067,,877.0866530029657,26363258,24783058,24825980,23380026
2,8,df+ss,iso -> df -> ss,66,116,2224237.771573706,462.02118968597193,37812.04211675301,23379148.913347,67976.34926340684,0.2863530560049105,14233.775501577766,877.0866530029657,26363258,24783058,24825980,23380026
2,9,none,iso -> df -> ss,66,116,2226375.826922404,461.8975718309954,37848.38905768087,23436650.0,68141.2847809993,0.2867817000873177,,,26363258,24783058,24886323,23436650
2,9,df,iso -> df -> ss,66,116,2225007.757929766,461.61374385453456,37825.131884806025,23436650.0,68141.2847809993,0.28695803077656906,14335.61097724791,,26363258,24783058,24886323,23436650
2,9,ss,iso -> df -> ss,66,116,2226289.2553399825,461.88864347788194,37846.917340779706,23435741.32647155,68141.2847809993,0.2867817000873177,,908.6735284516262,26363258,24783058,24886323,23436650
2,9,df+ss,iso -> df -> ss,66,116,2224921.2395440675,461.60482098773787,37823.66107224915,23435741.32647155,68141.2847809993,0.28695803077656906,14335.61097724791,908.6735284516262,26363258,24783058,24886323,23436650
2,10,none,iso -> df -> ss,66,116,2227341.76945529,461.70698429773563,37864.81008073993,23476275.0,68227.99408740667,0.28714233918444215,,,26363258,24783058,24928722,23476275
2,10,df,iso -> df -> ss,66,116,2225966.1766560213,461.42183685800194,37841.42500315236,23476275.0,68227.99408740667,0.28731978614580644,14426.363431192309,,26363258,24783058,24928722,23476275
2,10,ss,iso -> df -> ss,66,116,2227254.168568162,461.69795741105713,37863.32086565875,23475354.36639461,68227.99408740667,0.28714233918444215,,920.6336053920656,26363258,24783058,24928722,23476275
2,10,df+ss,iso -> df -> ss,66,116,2225878.629870671,461.4128155462741,37839.936707801404,23475354.36639461,68227.99408740667,0.28731978614580644,14426.363431192309,920.6336053920656,26363258,24783058,24928722,23476275
2,11,none,iso -> df -> ss,66,116,2228580.44743989,461.67379219498645,37885.86760647813,23505683.0,68283.41291988386,0.28734260397565814,,,26363258,24783058,24960286,23505683
2,11,df,iso -> df -> ss,66,116,2227199.224598941,461.3876574101373,37862.386818182,23505683.0,68283.41291988386,0.2875208027480919,14487.485355377677,,26363258,24783058,24960286,23505683
2,11,ss,iso -> df -> ss,66,116,2228490.9642576976,461.664577108226,37884.34639238086,23504741.92870066,68283.41291988386,0.28734260397565814,,941.0712993415959,26363258,24783058,24960286,23505683
2,11,df+ss,iso -> df -> ss,66,116,2227109.7968763644,461.37844803467544,37860.8665468982,23504741.92870066,68283.41291988386,0.2875208027480919,14487.485355377677,941.0712993415959,26363258,24783058,24960286,23505683
2,12,none,iso -> df -> ss,66,116,2229845.142634402,461.7128894850131,37907.36742478484,23528330.0,68331.2884216016,0.28745654085975,,,26363258,24783058,24984665,23528330
2,12,df,iso -> df -> ss,66,116,2228458.838425082,461.42584061782844,37883.8002532264,23528330.0,68331.2884216016,0.2876353649895562,14538.32664711558,,26363258,24783058,24984665,23528330
2,12,ss,iso -> df -> ss,66,116,2229753.917215542,461.7034994976601,37905.81659266422,23527370.22563361,68331.2884216016,0.28745654085975,,959.7743663886737,26363258,24783058,24984665,23528330
2,12,df+ss,iso -> df -> ss,66,116,2228367.669721453,461.4164564682706,37882.250385264706,23527370.22563361,68331.2884216016,0.2876353649895562,14538.32664711558,959.7743663886737,26363258,24783058,24984665,23528330
2,13,none,iso -> df -> ss,66,116,2231089.8729393417,461.79315691675083,37928.52783996881,23546355.0,68362.87546167235,0.2875165193656712,,,26363258,24783058,25004313,23546355
2,13,df,iso -> df -> ss,66,116,2229699.8741553933,461.50545361338527,37904.897860641686,23546355.0,68362.87546167235,0.28769575766447353,14571.998412547211,,26363258,24783058,25004313,23546355
2,13,ss,iso -> df -> ss,66,116,2230997.5093175173,461.7836534065138,37926.9576583978,23545383.047945492,68362.87546167235,0.2875165193656712,,971.9520545072813,26363258,24783058,25004313,23546355
2,13,df+ss,iso -> df -> ss,66,116,2229607.5680773384,461.495956023962,37903.328657314756,23545383.047945492,68362.87546167235,0.28769575766447353,14571.998412547211,971.9520545072813,26363258,24783058,25004313,23546355
2,14,none,iso -> df -> ss,66,116,2232187.0381727675,461.8759055216674,37947.17964893705,23561021.0,68387.62758106468,0.2875544108884551,,,26363258,24783058,25020538,23561021
2,14,df,iso -> df -> ss,66,116,2230793.039489732,461.58746445780827,37923.48167132545,23561021.0,68387.62758106468,0.28773410056068544,14608.694882661192,,26363258,24783058,25020538,23561021
2,14,ss,iso -> df -> ss,66,116,2232093.628449265,461.86629736265826,37945.5916836375,23560037.91016472,68387.62758106468,0.2875544108884551,,983.0898352795004,26363258,24783058,25020538,23561021
2,14,df+ss,iso -> df -> ss,66,116,2230699.688100513,461.5778622990853,37921.894697708725,23560037.91016472,68387.62758106468,0.28773410056068544,14608.694882661192,983.0898352795004,26363258,24783058,25020538,23561021
2,15,none,iso -> df -> ss,66,116,2233187.638706744,461.9625181158083,37964.18985801465,23573243.0,68401.87660373465,0.2875749277544783,,,26363258,24783058,25034257,23573243
2,15,df,iso -> df -> ss,66,116,2231789.3990864432,461.67327493501693,37940.41978446954,23573243.0,68401.87660373465,0.2877550964827445,14647.64193717578,,26363258,24783058,25034257,23573243
2,15,ss,iso -> df -> ss,66,116,2233093.646730837,461.9528525677969,37962.591994424234,23572253.711674076,68401.87660373465,0.2875749277544783,,989.2883259256242,26363258,24783058,25034257,23573243
2,15,df+ss,iso -> df -> ss,66,116,2231695.465960631,461.663615438782,37938.822921330735,23572253.711674076,68401.87660373465,0.2877550964827445,14647.64193717578,989.2883259256242,26363258,24783058,25034257,23573243
3,2,none,iso -> df -> ss,66,116,2227791.6654105126,510.9379927560599,37872.45831197872,19176066.0,55118.92737359363,0.2345058813161956,,,26363258,24783058,20368179,19176066
3,2,df,iso -> df -> ss,66,116,2226379.6685285824,510.6141550903425,37848.454364985904,19176066.0,55118.92737359363,0.23465460777911357,12091.398970114911,,26363258,24783058,20368179,19176066
3,2,ss,iso -> df -> ss,66,116,2227712.1826043907,510.92893033941107,37871.10710427464,19175383.80581073,55118.92737359363,0.2345058813161956,,682.1941892687868,26363258,24783058,20368179,19176066
3,2,df+ss,iso -> df -> ss,66,116,2226300.2360994667,510.605098417545,37847.104013690936,19175383.80581073,55118.92737359363,0.23465460777911357,12091.398970114911,682.1941892687868,26363258,24783058,20368179,19176066
3,3,none,iso -> df -> ss,66,116,2237116.764999888,481.90045389710997,38030.985004998096,21738399.0,62786.70810876209,0.2647290715023424,,,26363258,24783058,23083335,21738399
3,3,df,iso -> df -> ss,66,116,2235687.7404750963,481.5926257238553,38006.69158807664,21738399.0,62786.70810876209,0.2648982831184162,13756.833317922472,,26363258,24783058,23083335,21738399
3,3,ss,iso -> df -> ss,66,116,2237033.9633033727,481.8915869691963,38029.57737615734,21737596.727405712,62786.70810876209,0.2647290715023424,,802.2725942873503,26363258,24783058,23083335,21738399
3,3,df+ss,iso -> df -> ss,66,116,2235604.991670614,481.5837644599541,38005.284858400446,21737596.727405712,62786.70810876209,0.2648982831184162,13756.833317922472,802.2725942873503,26363258,24783058,23083335,21738399
3,4,none,iso -> df -> ss,66,116,2239349.401321476,469.6829169920115,38068.939822465094,22930929.0,66627.3121547581,0.278968389667358,,,26363258,24783058,24347376,22930929
3,4,df,iso -> df -> ss,66,116,2237933.903140108,469.38602928238055,38044.87635338184,22930929.0,66627.3121547581,0.279144837795553,14345.158714037272,,26363258,24783058,24347376,22930929
3,4,ss,iso -> df -> ss,66,116,2239263.9883993696,469.67401152178286,38067.487802789285,22930056.913304675,66627.3121547581,0.278968389667358,,872.0866953261927,26363258,24783058,24347376,22930929
3,4,df+ss,iso -> df -> ss,66,116,2237848.544207717,469.37712944132124,38043.42525153119,22930056.913304675,66627.3121547581,0.279144837795553,14345.158714037272,872.0866953261927,26363258,24783058,24347376,22930929
3,5,none,iso -> df -> ss,66,116,2239476.731832756,464.08608461495163,38071.10444115686,23490787.0,68507.88367205273,0.2857600493114779,,,26363258,24783058,24941742,23490787
3,5,df,iso -> df -> ss,66,116,2238061.3527669488,463.7927760399798,38047.04299703813,23490787.0,68507.88367205273,0.2859407676779067,14692.327288942644,,26363258,24783058,24941742,23490787
3,5,ss,iso -> df -> ss,66,116,2239386.9590426646,464.07683682599014,38069.5783037253,23489848.082744606,68507.88367205273,0.2857600493114779,,938.9172553941087,26363258,24783058,24941742,23490787
3,5,df+ss,iso -> df -> ss,66,116,2237971.6367144543,463.7835340957439,38045.517824145725,23489848.082744606,68507.88367205273,0.2859407676779067,14692.327288942644,938.9172553941087,26363258,24783058,24941742,23490787
3,6,none,iso -> df -> ss,66,116,2239352.064571318,461.3239221284658,38068.985097712415,23770827.0,69505.6999366103,0.28918056028190986,,,26363258,24783058,25239114,23770827
3,6,df,iso -> df -> ss,66,116,2237932.9168893406,461.0315666810633,38044.85958711879,23770827.0,69505.6999366103,0.28936393929148607,14908.636459361602,,26363258,24783058,25239114,23770827
3,6,ss,iso -> df -> ss,66,116,2239257.9188826513,461.3142812008302,38067.384621005076,23769830.561230313,69505.6999366103,0.28918056028190986,,996.4387696863682,26363258,24783058,25239114,23770827
3,6,df+ss,iso -> df -> ss,66,116,2237838.830863751,461.021931863186,38043.26012468377,23769830.561230313,69505.6999366103,0.28936393929148607,14908.636459361602,996.4387696863682,26363258,24783058,25239114,23770827
3,7,none,iso -> df -> ss,66,116,2239548.154664518,459.8930064069113,38072.31862929681,23923263.0,69983.10951077797,0.29100912940814366,,,26363258,24783058,25401108,23923263
3,7,df,iso -> df -> ss,66,116,2238122.6232747613,459.60027239483077,38048.084595670945,23923263.0,69983.10951077797,0.29119448236618223,15069.117640290817,,26363258,24783058,25401108,23923263
3,7,ss,iso -> df -> ss,66,116,2239451.2477401155,459.88311438702027,38070.67121158197,23922230.850730833,69983.10951077797,0.29100912940814366,,1032.149269168346,26363258,24783058,25401108,23923263
3,7,df+ss,iso -> df -> ss,66,116,2238025.7780341688,459.5903866714709,38046.438226580874,23922230.850730833,69983.10951077797,0.29119448236618223,15069.117640290817,1032.149269168346,26363258,24783058,25401108,23923263
3,8,none,iso -> df -> ss,66,116,2239980.0841513555,459.1180146392389,38079.66143057305,24013417.0,70267.10789484666,0.2920492141471015,,,26363258,24783058,25497167,24013417
3,8,df,iso -> df -> ss,66,116,2238543.0566598345,458.8234739807941,38055.231963217186,24013417.0,70267.10789484666,0.29223669445861833,15242.070584586894,,26363258,24783058,25497167,24013417
3,8,ss,iso -> df -> ss,66,116,2239881.0372656086,459.10792317603244,38077.97763351535,24012358.28771565,70267.10789484666,0.2920492141471015,,1058.7122843496554,26363258,24783058,25497167,24013417
3,8,df+ss,iso -> df -> ss,66,116,2238444.073316214,458.81338899162296,38053.549246375645,24012358.28771565,70267.10789484666,0.29223669445861833,15242.070584586894,1058.7122843496554,26363258,24783058,25497167,24013417
3,9,none,iso -> df -> ss,66,116,2240685.978345348,458.7039611063984,38091.66163187092,24071952.0,70438.03493584877,0.292668886413073,,,26363258,24783058,25559583,24071952
3,9,df,iso -> df -> ss,66,116,2239240.642986367,458.40807803277767,38067.090930768245,24071952.0,70438.03493584877,0.292857791831225,15357.931155484417,,26363258,24783058,25559583,24071952
3,9,ss,iso -> df -> ss,66,116,2240583.3264533007,458.6935150641727,38089.91654970611,24070852.425653428,70438.03493584877,0.292668886413073,,1099.57434657368,26363258,24783058,25559583,24071952
3,9,df+ss,iso -> df -> ss,66,116,2239138.0573090464,458.3976387286823,38065.34697425379,24070852.425653428,70438.03493584877,0.292857791831225,15357.931155484417,1099.57434657368,26363258,24783058,25559583,24071952
3,10,none,iso -> df -> ss,66,116,2241658.2564621707,458.5136376166938,38108.190359856904,24112766.0,70528.63089586198,0.29303830300743855,,,26363258,24783058,25603278,24112766
3,10,df,iso -> df -> ss,66,116,2240204.0523699755,458.21619156030795,38083.46889028959,24112766.0,70528.63089586198,0.2932285256342356,15465.019665097556,,26363258,24783058,25603278,24112766
3,10,ss,iso -> df -> ss,66,116,2241553.9029924837,458.5030274015695,38106.41635087223,24111646.78796968,70528.63089586198,0.29303830300743855,,1119.2120303227057,26363258,24783058,25603278,24112766
3,10,df+ss,iso -> df -> ss,66,116,2240099.766596264,458.2055882282213,38081.6960321365,24111646.78796968,70528.63089586198,0.2932285256342356,15465.019665097556,1119.2120303227057,26363258,24783058,25603278,24112766
3,11,none,iso -> df -> ss,66,116,2242909.3729780526,458.4809842567473,38129.4593406269,24143035.0,70586.2604563973,0.2932428686598077,,,26363258,24783058,25635763,24143035
3,11,df,iso -> df -> ss,66,116,2241448.5962914904,458.18238176254795,38104.62613695534,24143035.0,70586.2604563973,0.29343397826042383,15537.130264061954,,26363258,24783058,25635763,24143035
3,11,ss,iso -> df -> ss,66,116,2242802.5701096295,458.47013179687764,38127.643691863705,24141888.718029663,70586.2604563973,0.2932428686598077,,1146.2819703360233,26363258,24783058,25635763,24143035
3,11,df+ss,iso -> df -> ss,66,116,2241341.8629823383,458.1715363707393,38102.81167069975,24141888.718029663,70586.2604563973,0.29343397826042383,15537.130264061954,1146.2819703360233,26363258,24783058,25635763,24143035
3,12,none,iso -> df -> ss,66,116,2244183.9108423777,458.5200323756437,38151.126484320426,24166312.0,70636.71362898946,0.2933591051071699,,,26363258,24783058,25660839,24166312
3,12,df,iso -> df -> ss,66,116,2242716.424916206,458.2202032524029,38126.179223575506,24166312.0,70636.71362898946,0.2935510599853151,15605.85097216077,,26363258,24783058,25660839,24166312
3,12,ss,iso -> df -> ss,66,116,2244074.7210376095,458.50894271200383,38149.270257639364,24165139.63526306,70636.71362898946,0.2933591051071699,,1172.3647369394832,26363258,24783058,25660839,24166312
3,12,df+ss,iso -> df -> ss,66,116,2242607.3065113355,458.2091208403636,38124.32421069271,24165139.63526306,70636.71362898946,0.2935510599853151,15605.85097216077,1172.3647369394832,26363258,24783058,25660839,24166312
3,13,none,iso -> df -> ss,66,116,2245436.833141857,458.5997256602894,38172.42616341157,24184831.0,70669.2475111787,0.2934203575708769,,,26363258,24783058,25681036,24184831
3,13,df,iso -> df -> ss,66,116,2243964.361520519,458.29899349467195,38147.394145848826,24184831.0,70669.2475111787,0.29361289768294585,15653.430244358446,,26363258,24783058,25681036,24184831
3,13,ss,iso -> df -> ss,66,116,2245326.3459479553,458.5885085202603,38170.54788111524,24183644.45757494,70669.2475111787,0.2934203575708769,,1186.5424250580909,26363258,24783058,25681036,24184831
3,13,df+ss,iso -> df -> ss,66,116,2243853.946779895,458.2877837104144,38145.51709525822,24183644.45757494,70669.2475111787,0.29361289768294585,15653.430244358446,1186.5424250580909,26363258,24783058,25681036,24184831
3,14,none,iso -> df -> ss,66,116,2246540.1564626126,458.68195216356565,38191.18265986442,24199868.0,70694.18895182695,0.29345882917836963,,,26363258,24783058,25697690,24199868
3,14,df,iso -> df -> ss,66,116,2245062.723339496,458.3803007966169,38166.06629677144,24199868.0,70694.18895182695,0.29365194885827517,15700.548866056663,,26363258,24783058,25697690,24199868
3,14,ss,iso -> df -> ss,66,116,2246428.327659098,458.6706023392858,38189.281570204665,24198666.892319232,70694.18895182695,0.29345882917836963,,1201.1076807692132,26363258,24783058,25697690,24199868
3,14,df+ss,iso -> df -> ss,66,116,2244950.9680799944,458.3689584365287,38164.166457359905,24198666.892319232,70694.18895182695,0.29365194885827517,15700.548866056663,1201.1076807692132,26363258,24783058,25697690,24199868
3,15,none,iso -> df -> ss,66,116,2247544.9058071515,458.7676908401679,38208.263398721574,24212401.0,70708.93798545327,0.2934798192589417,,,26363258,24783058,25711764,24212401
3,15,df,iso -> df -> ss,66,116,2246062.5553341517,458.46511423680096,38183.063440680584,24212401.0,70708.93798545327,0.29367350930014785,15746.919000242153,,26363258,24783058,25711764,24212401
3,15,ss,iso -> df -> ss,66,116,2247431.9493458667,458.756229527653,38206.34313887974,24211187.693828586,70708.93798545327,0.2934798192589417,,1213.3061714153368,26363258,24783058,25711764,24212401
3,15,df+ss,iso -> df -> ss,66,116,2245949.6733724084,458.45366048350405,38181.144447330946,24211187.693828586,70708.93798545327,0.29367350930014785,15746.919000242153,1213.3061714153368,26363258,24783058,25711764,24212401
4,2,none,iso -> df -> ss,66,116,2232449.0055552125,509.88778528354277,37951.63309443861,19335940.0,55647.413040039304,0.2359668458954901,,,26363258,24783058,20538200,19335940
4,2,df,iso -> df -> ss,66,116,2230994.496567966,509.5555777552469,37926.906441655425,19335940.0,55647.413040039304,0.23612068576312545,12507.116626010189,,26363258,24783058,20538200,19335940
4,2,ss,iso -> df -> ss,66,116,2232358.850973714,509.8775486894105,37950.10046655314,19335161.390184045,55647.413040039304,0.2359668458954901,,778.6098159546902,26363258,24783058,20538200,19335940
4,2,df+ss,iso -> df -> ss,66,116,2230904.400724942,509.54534783056954,37925.374812324015,19335161.390184045,55647.413040039304,0.23612068576312545,12507.116626010189,778.6098159546902,26363258,24783058,20538200,19335940
4,3,none,iso -> df -> ss,66,116,2241944.0542249163,480.79478264280186,38113.04892182358,21933130.0,63444.02898417365,0.26652422590725433,,,26363258,24783058,23290392,21933130
4,3,df,iso -> df -> ss,66,116,2240464.344948064,480.477452467324,38087.89386411709,21933130.0,63444.02898417365,0.26670025118990176,14310.781548616724,,26363258,24783058,23290392,21933130
4,3,ss,iso -> df -> ss,66,116,2241849.143707596,480.78466425331897,38111.435443029135,21932204.168150973,63444.02898417365,0.26652422590725433,,925.831849028866,26363258,24783058,23290392,21933130
4,3,df+ss,iso -> df -> ss,66,116,2240369.4970727945,480.46734075609635,38086.28145023751,21932204.168150973,63444.02898417365,0.26670025118990176,14310.781548616724,925.831849028866,26363258,24783058,23290392,21933130
4,4,none,iso -> df -> ss,66,116,2244225.6731620375,468.52283964546024,38151.83644375464,23145458.0,67371.38106391327,0.28096497703664886,,,26363258,24783058,24575573,23145458
4,4,df,iso -> df -> ss,66,116,2242752.344160033,468.2152554768955,38126.78985072056,23145458.0,67371.38106391327,0.28114955107144746,15005.791508034774,,26363258,24783058,24575573,23145458
4,4,ss,iso -> df -> ss,66,116,2244126.8855291135,468.5125875345558,38150.15705399493,23144442.135340415,67371.38106391327,0.28096497703664886,,1015.864659583475,26363258,24783058,24575573,23145458
4,4,df+ss,iso -> df -> ss,66,116,2242653.6213809634,468.20501009647836,38125.11156347638,23144442.135340415,67371.38106391327,0.28114955107144746,15005.791508034774,1015.864659583475,26363258,24783058,24575573,23145458
4,5,none,iso -> df -> ss,66,116,2244344.2308118716,462.88797576937316,38153.85192380182,23715710.0,69299.17278402929,0.2878688525975807,,,26363258,24783058,25181059,23715710
4,5,df,iso -> df -> ss,66,116,2242867.352075115,462.5833748086431,38128.74498527696,23715710.0,69299.17278402929,0.28805840789472414,15410.766044533171,,26363258,24783058,25181059,23715710
4,5,ss,iso -> df -> ss,66,116,2244239.40721321,462.8772288881376,38152.06992262458,23714605.57856397,69299.17278402929,0.2878688525975807,,1104.4214360291194,26363258,24783058,25181059,23715710
4,5,df+ss,iso -> df -> ss,66,116,2242762.5974550624,462.5726349993354,38126.96415673607,23714605.57856397,69299.17278402929,0.28805840789472414,15410.766044533171,1104.4214360291194,26363258,24783058,25181059,23715710
4,6,none,iso -> df -> ss,66,116,2244238.537200924,460.1085827595523,38152.05513241571,24001440.0,70335.49795487254,0.29134840322233946,,,26363258,24783058,25484512,24001440
4,6,df,iso -> df -> ss,66,116,2242752.551333333,459.80392938148907,38126.79337266666,24001440.0,70335.49795487254,0.2915414426236217,15694.022247699919,,26363258,24783058,25484512,24001440
4,6,ss,iso -> df -> ss,66,116,2244127.864496731,460.09730398834773,38150.173696444435,24000259.858047325,70335.49795487254,0.29134840322233946,,1180.1419526766151,26363258,24783058,25484512,24001440
4,6,df+ss,iso -> df -> ss,66,116,2242641.9519092627,459.79265807833855,38124.913182457465,24000259.858047325,70335.49795487254,0.2915414426236217,15694.022247699919,1180.1419526766151,26363258,24783058,25484512,24001440
4,7,none,iso -> df -> ss,66,116,2244428.4119425984,458.66627564509406,38155.283003024175,24156827.0,70828.91940795492,0.2932093426323902,,,26363258,24783058,25649687,24156827
4,7,df,iso -> df -> ss,66,116,2242934.5201544636,458.3609873235621,38129.886842625885,24156827.0,70828.91940795492,0.29340463278697426,15877.007545818691,,26363258,24783058,25649687,24156827
4,7,ss,iso -> df -> ss,66,116,2244313.9825197835,458.65465159383757,38153.337702836325,24155599.00500421,70828.91940795492,0.2932093426323902,,1227.9949957925346,26363258,24783058,25649687,24156827
4,7,df+ss,iso -> df -> ss,66,116,2242820.166895885,458.3493710092754,38127.942837230046,24155599.00500421,70828.91940795492,0.29340463278697426,15877.007545818691,1227.9949957925346,26363258,24783058,25649687,24156827
4,8,none,iso -> df -> ss,66,116,2244876.91462331,457.8893225777831,38162.90754859627,24248638.0,71122.72662860824,0.2942646185615325,,,26363258,24783058,25747588,24248638
4,8,df,iso -> df -> ss,66,116,2243369.768249466,457.58190873800885,38137.28606024093,24248638.0,71122.72662860824,0.2944623121647416,16072.406909590136,,26363258,24783058,25747588,24248638
4,8,ss,iso -> df -> ss,66,116,2244758.9519827547,457.8773623207501,38160.902183706836,24247367.532329757,71122.72662860824,0.2942646185615325,,1270.4676702440872,26363258,24783058,25747588,24248638
4,8,df+ss,iso -> df -> ss,66,116,2243251.8848056654,457.56995651075147,38135.282041696315,24247367.532329757,71122.72662860824,0.2944623121647416,16072.406909590136,1270.4676702440872,26363258,24783058,25747588,24248638
4,9,none,iso -> df -> ss,66,116,2245572.6564364363,457.4707870963712,38174.73515941942,24308102.0,71301.69904910945,0.2948947817822124,,,26363258,24783058,25811004,24308102
4,9,df,iso -> df -> ss,66,116,2244055.4329439574,457.1616964849781,38148.94236004728,24308102.0,71301.69904910945,0.2950941624588932,16209.565274264038,,26363258,24783058,25811004,24308102
4,9,ss,iso -> df -> ss,66,116,2245450.504873245,457.45841727678294,38172.65858284517,24306783.599976275,71301.69904910945,0.2948947817822124,,1318.4000237239256,26363258,24783058,25811004,24308102
4,9,df+ss,iso -> df -> ss,66,116,2243933.363912596,457.1493350230712,38146.86718651413,24306783.599976275,71301.69904910945,0.2950941624588932,16209.565274264038,1318.4000237239256,26363258,24783058,25811004,24308102
4,10,none,iso -> df -> ss,66,116,2246548.3107071756,457.2796341380622,38191.321282021985,24349490.0,71395.17143555568,0.2952689337310133,,,26363258,24783058,25855343,24349490
4,10,df,iso -> df -> ss,66,116,2245019.831244334,456.9685157320059,38165.33713115368,24349490.0,71395.17143555568,0.2954699620225865,16343.515673023212,,26363258,24783058,25855343,24349490
4,10,ss,iso -> df -> ss,66,116,2246424.093306828,457.26706580422314,38189.20958621608,24348147.602059733,71395.17143555568,0.2952689337310133,,1342.3979402675634,26363258,24783058,25855343,24349490
4,10,df+ss,iso -> df -> ss,66,116,2244895.698357524,456.9559559492583,38163.22687207791,24348147.602059733,71395.17143555568,0.2954699620225865,16343.515673023212,1342.3979402675634,26363258,24783058,25855343,24349490
4,11,none,iso -> df -> ss,66,116,2247805.4272824675,457.2466444816512,38212.69226380195,24380172.0,71453.80919534748,0.2954760319121692,,,26363258,24783058,25888288,24380172
4,11,df,iso -> df -> ss,66,116,2246268.7220641044,456.93404922935497,38186.568275089776,24380172.0,71453.80919534748,0.295678171378245,16433.853693385347,,26363258,24783058,25888288,24380172
4,11,ss,iso -> df -> ss,66,116,2247678.6088743373,457.23382104232746,38210.53635086374,24378800.532119717,71453.80919534748,0.2954760319121692,,1371.4678802808808,26363258,24783058,25888288,24380172
4,11,df+ss,iso -> df -> ss,66,116,2246141.990354986,456.92123455673584,38184.413836034764,24378800.532119717,71453.80919534748,0.295678171378245,16433.853693385347,1371.4678802808808,26363258,24783058,25888288,24380172
4,12,none,iso -> df -> ss,66,116,2249086.315489888,457.2858583200972,38234.467363328105,24403727.0,71505.35203355334,0.29559327916677075,,,26363258,24783058,25913687,24403727
4,12,df,iso -> df -> ss,66,116,2247542.7291159215,456.97201522076875,38208.22639497067,24403727.0,71505.35203355334,0.29579628921505463,16504.631661256877,,26363258,24783058,25913687,24403727
4,12,ss,iso -> df -> ss,66,116,2248956.6229410274,457.2727505793637,38232.26258999747,24402323.893403675,71505.35203355334,0.29559327916677075,,1403.1065963261706,26363258,24783058,25913687,24403727
4,12,df+ss,iso -> df -> ss,66,116,2247413.125577274,456.95891647610176,38206.02313481366,24402323.893403675,71505.35203355334,0.29579628921505463,16504.631661256877,1403.1065963261706,26363258,24783058,25913687,24403727
4,13,none,iso -> df -> ss,66,116,2250343.5533651705,457.3655662477975,38255.8404072079,24422439.0,71538.79606505155,0.29565491952954726,,,26363258,24783058,25934116,24422439
4,13,df,iso -> df -> ss,66,116,2248794.0434281062,457.0506398941249,38229.498738277805,24422439.0,71538.79606505155,0.29585863771222914,16562.202690401828,,26363258,24783058,25934116,24422439
4,13,ss,iso -> df -> ss,66,116,2250212.4838012154,457.35232440322426,38253.612224620665,24421020.700173344,71538.79606505155,0.29565491952954726,,1418.2998266571394,26363258,24783058,25934116,24422439
4,13,df+ss,iso -> df -> ss,66,116,2248663.0641141892,457.0374071674348,38227.27208994122,24421020.700173344,71538.79606505155,0.29585863771222914,16562.202690401828,1418.2998266571394,26363258,24783058,25934116,24422439
4,14,none,iso -> df -> ss,66,116,2251451.1203011773,457.4477449713497,38274.66904512002,24437647.0,71564.83257439888,0.29569371678857725,,,26363258,24783058,25950971,24437647
4,14,df,iso -> df -> ss,66,116,2249896.480651193,457.1318747329439,38248.24017107028,24437647.0,71564.83257439888,0.2958980360451849,16611.069748113165,,26363258,24783058,25950971,24437647
4,14,ss,iso -> df -> ss,66,116,2251318.2795330915,457.434328352614,38272.410752062555,24436209.345395297,71564.83257439888,0.29569371678857725,,1437.6546047040415,26363258,24783058,25950971,24437647
4,14,df+ss,iso -> df -> ss,66,116,2249763.731610404,457.11846737845883,38245.98343737687,24436209.345395297,71564.83257439888,0.2958980360451849,16611.069748113165,1437.6546047040415,26363258,24783058,25950971,24437647
4,15,none,iso -> df -> ss,66,116,2252458.2890002653,457.5331891395605,38291.790913004515,24450314.0,71579.5816080252,0.2957149719928496,,,26363258,24783058,25965213,24450314
4,15,df,iso -> df -> ss,66,116,2250897.8612892395,457.2162254601291,38265.263641917074,24450314.0,71579.5816080252,0.29591997544715937,16666.694733931203,,26363258,24783058,25965213,24450314
4,15,ss,iso -> df -> ss,66,116,2252324.1459195414,457.51964449205536,38289.510480632205,24448862.14690465,71579.5816080252,0.2957149719928496,,1451.8530953501654,26363258,24783058,25965213,24450314
4,15,df+ss,iso -> df -> ss,66,116,2250763.8111383524,457.20269019590245,38262.98478935199,24448862.14690465,71579.5816080252,0.29591997544715937,16666.694733931203,1451.8530953501654,26363258,24783058,25965213,24450314
5,2,none,iso -> df -> ss,66,116,2235029.3914072257,509.5956297947708,37995.49965392284,19402807.0,55811.058799064034,0.236509841218722,,,26363258,24783058,20609630,19402807
5,2,df,iso -> df -> ss,66,116,2233526.107546169,509.2528750690921,37969.94382828487,19402807.0,55811.058799064034,0.23666902513248236,12941.585331474475,,26363258,24783058,20609630,19402807
5,2,ss,iso -> df -> ss,66,116,2234924.029284043,509.583687064874,37993.70849782873,19401894.958047703,55811.058799064034,0.236509841218722,,912.0419522984834,26363258,24783058,20609630,19402807
5,2,df+ss,iso -> df -> ss,66,116,2233420.816289696,509.240940371892,37968.15387692484,19401894.958047703,55811.058799064034,0.23666902513248236,12941.585331474475,912.0419522984834,26363258,24783058,20609630,19402807
5,3,none,iso -> df -> ss,66,116,2244719.7089285995,480.475231799269,38160.23505178619,22016614.0,63647.28544963698,0.267208342914747,,,26363258,24783058,23379609,22016614
5,3,df,iso -> df -> ss,66,116,2243181.534057831,480.1459902798755,38134.08607898313,22016614.0,63647.28544963698,0.267391570688376,14896.341040371233,,26363258,24783058,23379609,22016614
5,3,ss,iso -> df -> ss,66,116,2244607.829895539,480.46332700252935,38158.33310822417,22015519.842596266,63647.28544963698,0.267208342914747,,1094.1574037350906,26363258,24783058,23379609,22016614
5,3,df+ss,iso -> df -> ss,66,116,2243069.7316889158,480.13409364079536,38132.18543871157,22015519.842596266,63647.28544963698,0.267391570688376,14896.341040371233,1094.1574037350906,26363258,24783058,23379609,22016614
5,4,none,iso -> df -> ss,66,116,2247135.1345817377,468.1742982663643,38201.297287889545,23239974.0,67613.24323453862,0.28174745750590147,,,26363258,24783058,24676610,23239974
5,4,df,iso -> df -> ss,66,116,2245597.4535687547,467.85393358596207,38175.15671066883,23239974.0,67613.24323453862,0.281940385100816,15684.93243695717,,26363258,24783058,24676610,23239974
5,4,ss,iso -> df -> ss,66,116,2247017.6276805983,468.1621282723932,38199.29967057017,23238762.273894742,67613.24323453862,0.28174745750590147,,1211.7261052579343,26363258,24783058,24676610,23239974
5,4,df+ss,iso -> df -> ss,66,116,2245480.0270758327,467.84177191973606,38173.16046028916,23238762.273894742,67613.24323453862,0.281940385100816,15684.93243695717,1211.7261052579343,26363258,24783058,24676610,23239974
5,5,none,iso -> df -> ss,66,116,2247375.0844831243,462.5241321722192,38205.37643621312,23817128.0,69560.24273855097,0.28871043983062195,,,26363258,24783058,25289537,23817128
5,5,df,iso -> df -> ss,66,116,2245828.886892168,462.2059148422053,38179.09107716686,23817128.0,69560.24273855097,0.2889092098211388,16159.916745629642,,26363258,24783058,25289537,23817128
5,5,ss,iso -> df -> ss,66,116,2247248.8768529417,462.51122046387263,38203.23090650001,23815794.388948627,69560.24273855097,0.28871043983062195,,1333.6110513742456,26363258,24783058,25289537,23817128
5,5,df+ss,iso -> df -> ss,66,116,2245702.766093033,462.19301201713444,38176.94702358156,23815794.388948627,69560.24273855097,0.2889092098211388,16159.916745629642,1333.6110513742456,26363258,24783058,25289537,23817128
5,6,none,iso -> df -> ss,66,116,2247330.691282931,459.73500807680296,38204.62175180983,24106667.0,70614.6232863963,0.2922234565124263,,,26363258,24783058,25597126,24106667
5,6,df,iso -> df -> ss,66,116,2245772.7431118484,459.41629961178086,38178.13663290143,24106667.0,70614.6232863963,0.2924261791614643,16481.266223275918,,26363258,24783058,25597126,24106667
5,6,ss,iso -> df -> ss,66,116,2247197.3867266397,459.7214525104827,38202.35557435288,24105241.257313576,70614.6232863963,0.2922234565124263,,1425.742686424936,26363258,24783058,25597126,24106667
5,6,df+ss,iso -> df -> ss,66,116,2245639.5309681203,459.40275344277353,38175.87202645805,24105241.257313576,70614.6232863963,0.2924261791614643,16481.266223275918,1425.742686424936,26363258,24783058,25597126,24106667
5,7,none,iso -> df -> ss,66,116,2247551.288718224,458.2874936781165,38208.37190820981,24264087.0,71120.20268481284,0.2941023081887227,,,26363258,24783058,25764530,24264087
5,7,df,iso -> df -> ss,66,116,2245980.801413256,457.96726308117314,38181.67362402536,24264087.0,71120.20268481284,0.2943079572935955,16719.185853532865,,26363258,24783058,25764530,24264087
5,7,ss,iso -> df -> ss,66,116,2247413.021939704,458.2734791988661,38206.021372974974,24262598.676419266,71120.20268481284,0.2941023081887227,,1488.3235807350184,26363258,24783058,25764530,24264087
5,7,df+ss,iso -> df -> ss,66,116,2245842.6312493146,457.95325839460764,38179.324731238354,24262598.676419266,71120.20268481284,0.2943079572935955,16719.185853532865,1488.3235807350184,26363258,24783058,25764530,24264087
5,8,none,iso -> df -> ss,66,116,2248010.1860658335,457.5061102354594,38216.17316311917,24357061.0,71418.63185216351,0.29516865418099714,,,26363258,24783058,25863723,24357061
5,8,df,iso -> df -> ss,66,116,2246424.871233697,457.1834732532763,38189.22281097285,24357061.0,71418.63185216351,0.29537695638217326,16934.88146869435,,26363258,24783058,25863723,24357061
5,8,ss,iso -> df -> ss,66,116,2247867.8003920573,457.49170584395847,38213.75260666497,24355522.782970063,71418.63185216351,0.29516865418099714,,1538.2170299373297,26363258,24783058,25863723,24357061
5,8,df+ss,iso -> df -> ss,66,116,2246282.585971441,457.16907901986787,38186.8039615145,24355522.782970063,71418.63185216351,0.29537695638217326,16934.88146869435,1538.2170299373297,26363258,24783058,25863723,24357061
5,9,none,iso -> df -> ss,66,116,2248720.2242482495,457.0867284321069,38228.243812220244,24417220.0,71603.57119779108,0.2958041509879694,,,26363258,24783058,25927911,24417220
5,9,df,iso -> df -> ss,66,116,2247122.0991646387,456.7618851020136,38201.07568579886,24417220.0,71603.57119779108,0.2960145231941374,17103.172005130342,,26363258,24783058,25927911,24417220
5,9,ss,iso -> df -> ss,66,116,2248572.885035068,457.07184128561465,38225.73904559616,24415624.842038434,71603.57119779108,0.2958041509879694,,1595.1579615653188,26363258,24783058,25927911,24417220
5,9,df+ss,iso -> df -> ss,66,116,2246974.86466279,456.74700853554907,38198.57269926744,24415624.842038434,71603.57119779108,0.2960145231941374,17103.172005130342,1595.1579615653188,26363258,24783058,25927911,24417220
5,10,none,iso -> df -> ss,66,116,2249708.5746010467,456.8956318023575,38245.045768217795,24459057.0,71700.112264508,0.2961811293976256,,,26363258,24783058,25972754,24459057
5,10,df,iso -> df -> ss,66,116,2248097.818351322,456.5685016563882,38217.662911972475,24459057.0,71700.112264508,0.2963933424078129,17252.828598763517,,26363258,24783058,25972754,24459057
5,10,ss,iso -> df -> ss,66,116,2249558.729992887,456.88050445295386,38242.49840987908,24457432.650082793,71700.112264508,0.2961811293976256,,1624.349917206107,26363258,24783058,25972754,24459057
5,10,df+ss,iso -> df -> ss,66,116,2247948.0810295646,456.5533851379308,38215.1173775026,24457432.650082793,71700.112264508,0.2963933424078129,17252.828598763517,1624.349917206107,26363258,24783058,25972754,24459057
5,11,none,iso -> df -> ss,66,116,2250974.3228516863,456.8630474946589,38266.56348847867,24489991.0,71761.02031111742,0.2963893220684111,,,26363258,24783058,26006001,24489991
5,11,df,iso -> df -> ss,66,116,2249354.223907823,456.5342283992023,38239.021806433,24489991.0,71761.02031111742,0.29660279668372586,17355.39656575059,,26363258,24783058,26006001,24489991
5,11,ss,iso -> df -> ss,66,116,2250821.669808684,456.84764634576925,38263.96838674763,24488335.042811465,71761.02031111742,0.2963893220684111,,1655.957188536684,26363258,24783058,26006001,24489991
5,11,df+ss,iso -> df -> ss,66,116,2249201.680734148,456.5188383350171,38236.428572480516,24488335.042811465,71761.02031111742,0.29660279668372586,17355.39656575059,1655.957188536684,26363258,24783058,26006001,24489991
5,12,none,iso -> df -> ss,66,116,2252261.202530143,456.9024839037841,38288.440443012434,24513716.0,71813.03355002527,0.29650715277170175,,,26363258,24783058,26031602,24513716
5,12,df,iso -> df -> ss,66,116,2250633.0064934622,456.5721817112116,38260.76111038886,24513716.0,71813.03355002527,0.29672165765526004,17439.15694123863,,26363258,24783058,26031602,24513716
5,12,ss,iso -> df -> ss,66,116,2252105.510425929,456.8867837366606,38285.79367724079,24512026.40409542,71813.03355002527,0.29650715277170175,,1689.5959045819736,26363258,24783058,26031602,24513716
5,12,df+ss,iso -> df -> ss,66,116,2250477.4269415876,456.55649289399275,38258.116258006994,24512026.40409542,71813.03355002527,0.29672165765526004,17439.15694123863,1689.5959045819736,26363258,24783058,26031602,24513716
5,13,none,iso -> df -> ss,66,116,2253522.639994074,456.98221460654094,38309.88487989926,24532556.0,71846.90789042483,0.2965691904617713,,,26363258,24783058,26052176,24532556
5,13,df,iso -> df -> ss,66,116,2251887.4542633016,456.65062228823905,38282.08672247613,24532556.0,71846.90789042483,0.2967845412367453,17507.927558055846,,26363258,24783058,26052176,24532556
5,13,ss,iso -> df -> ss,66,116,2253365.4423683183,456.9663686995934,38307.21252026141,24530849.70900237,71846.90789042483,0.2965691904617713,,1706.2909976307246,26363258,24783058,26052176,24532556
5,13,df+ss,iso -> df -> ss,66,116,2251730.370702215,456.63478787929046,38279.41630193766,24530849.70900237,71846.90789042483,0.2967845412367453,17507.927558055846,1706.2909976307246,26363258,24783058,26052176,24532556
5,14,none,iso -> df -> ss,66,116,2254633.4987610807,457.0644245392657,38328.769478938375,24547860.0,71873.32321820765,0.29660820960214834,,,26363258,24783058,26069153,24547860
5,14,df,iso -> df -> ss,66,116,2252992.903517551,456.73183934468847,38300.87935979837,24547860.0,71873.32321820765,0.29682419519939784,17559.538342435684,,26363258,24783058,26069153,24547860
5,14,ss,iso -> df -> ss,66,116,2254474.354695051,457.04838741844526,38326.06402981587,24546132.354224324,71873.32321820765,0.29660820960214834,,1727.6457756776267,26363258,24783058,26069153,24547860
5,14,df+ss,iso -> df -> ss,66,116,2252833.8752534897,456.71581389335853,38298.175879309325,24546132.354224324,71873.32321820765,0.29682419519939784,17559.538342435684,1727.6457756776267,26363258,24783058,26069153,24547860
5,15,none,iso -> df -> ss,66,116,2255643.7469578693,457.1499069329624,38345.94369828378,24560608.0,71888.07225183395,0.29662960266256844,,,26363258,24783058,26083494,24560608
5,15,df,iso -> df -> ss,66,116,2253997.2365564685,456.81620970006395,38317.953021459965,24560608.0,71888.07225183395,0.2968462860365434,17616.267297149258,,26363258,24783058,26083494,24560608
5,15,ss,iso -> df -> ss,66,116,2255483.2144440077,457.1337340858129,38343.214645548134,24558865.155733675,71888.07225183395,0.29662960266256844,,1742.8442663237506,26363258,24783058,26083494,24560608
5,15,df+ss,iso -> df -> ss,66,116,2253836.8212235468,456.8000486583075,38315.2259608003,24558865.155733675,71888.07225183395,0.2968462860365434,17616.267297149258,1742.8442663237506,26363258,24783058,26083494,24560608
6,2,none,iso -> df -> ss,66,116,2237304.8313234,509.68913073284114,38034.18213249781,19435084.0,55864.696499912934,0.23666281804909425,,,26363258,24783058,20644411,19435084
6,2,df,iso -> df -> ss,66,116,2235766.683354539,509.33871925103887,38008.03361702716,19435084.0,55864.696499912934,0.23682563576867002,13237.012218067895,,26363258,24783058,20644411,19435084
6,2,ss,iso -> df -> ss,66,116,2237188.0242386726,509.67590169263985,38032.196412057434,19434072.233485464,55864.696499912934,0.23666281804909425,,1011.7665145355011,26363258,24783058,20644411,19435084
6,2,df+ss,iso -> df -> ss,66,116,2235649.9565747282,509.32549930580797,38006.049261770386,19434072.233485464,55864.696499912934,0.23682563576867002,13237.012218067895,1011.7665145355011,26363258,24783058,20644411,19435084
6,3,none,iso -> df -> ss,66,116,2247227.2912361342,480.5622563065398,38202.86395101428,22057686.0,63714.71018830633,0.26740872169931074,,,26363258,24783058,23423897,22057686
6,3,df,iso -> df -> ss,66,116,2245642.471508521,480.2233477559401,38175.922015644865,22057686.0,63714.71018830633,0.26759744035014754,15342.747051199694,,26363258,24783058,23423897,22057686
6,3,ss,iso -> df -> ss,66,116,2247100.3768945863,480.5487641773647,38200.70640720797,22056443.869132705,63714.71018830633,0.26740872169931074,,1242.1308672953967,26363258,24783058,23423897,22057686
6,3,df+ss,iso -> df -> ss,66,116,2245515.646671205,480.20986514186507,38173.76599341048,22056443.869132705,63714.71018830633,0.26759744035014754,15342.747051199694,1242.1308672953967,26363258,24783058,23423897,22057686
6,4,none,iso -> df -> ss,66,116,2249814.790565459,468.25545137769916,38246.85143961281,23287176.0,67689.51152877946,0.2819841890092239,,,26363258,24783058,24727548,23287176
6,4,df,iso -> df -> ss,66,116,2248221.7336459174,467.9238873796054,38219.769471980595,23287176.0,67689.51152877946,0.2821839988664011,16244.457468369394,,26363258,24783058,24727548,23287176
6,4,ss,iso -> df -> ss,66,116,2249679.2873270223,468.2414317172562,38244.54788455938,23285777.522388764,67689.51152877946,0.2819841890092239,,1398.4776112368281,26363258,24783058,24727548,23287176
6,4,df+ss,iso -> df -> ss,66,116,2248086.3263550987,467.9098776462538,38217.46754803668,23285777.522388764,67689.51152877946,0.2821839988664011,16244.457468369394,1398.4776112368281,26363258,24783058,24727548,23287176
6,5,none,iso -> df -> ss,66,116,2250228.482555647,462.6069641024714,38253.884203446,23868904.0,69647.66471996422,0.28897194679404725,,,26363258,24783058,25345467,23868904
6,5,df,iso -> df -> ss,66,116,2248621.797340342,462.27665819110166,38226.570554785816,23868904.0,69647.66471996422,0.2891784230254442,16786.430892561853,,26363258,24783058,25345467,23868904
6,5,ss,iso -> df -> ss,66,116,2250082.067146485,462.5920012333275,38251.39514149025,23867355.455982767,69647.66471996422,0.28897194679404725,,1548.5440172332173,26363258,24783058,25345467,23868904
6,5,df+ss,iso -> df -> ss,66,116,2248475.486473219,462.26170600559317,38224.08327004473,23867355.455982767,69647.66471996422,0.2891784230254442,16786.430892561853,1548.5440172332173,26363258,24783058,25345467,23868904
6,6,none,iso -> df -> ss,66,116,2250302.4823726807,459.81896212056375,38255.14220033558,24161444.0,70709.99043794052,0.2925014665244159,,,26363258,24783058,25656311,24161444
6,6,df,iso -> df -> ss,66,116,2248680.425647688,459.4875167057232,38227.5672360107,24161444.0,70709.99043794052,0.29271245869806345,17153.575100834656,,26363258,24783058,25656311,24161444
6,6,ss,iso -> df -> ss,66,116,2250147.079779146,459.80317729775436,38252.50035624548,24159780.32919371,70709.99043794052,0.2925014665244159,,1663.670806287312,26363258,24783058,25656311,24161444
6,6,df+ss,iso -> df -> ss,66,116,2248525.135071015,459.4717432608855,38224.92729620726,24159780.32919371,70709.99043794052,0.29271245869806345,17153.575100834656,1663.670806287312,26363258,24783058,25656311,24161444
6,7,none,iso -> df -> ss,66,116,2250580.9146091444,458.37064690349035,38259.875548355456,24320515.0,71217.65927646066,0.29439026314017513,,,26363258,24783058,25825549,24320515
6,7,df,iso -> df -> ss,66,116,2248943.558305724,458.0371703050092,38232.04049119731,24320515.0,71217.65927646066,0.2946045956658795,17425.144320102772,,26363258,24783058,25825549,24320515
6,7,ss,iso -> df -> ss,66,116,2250419.1056095036,458.3542651980628,38257.12479536156,24318771.559220232,71217.65927646066,0.29439026314017513,,1743.4407797671875,26363258,24783058,25825549,24320515
6,7,df+ss,iso -> df -> ss,66,116,2248781.86702635,458.02080051769957,38229.29173944795,24318771.559220232,71217.65927646066,0.2946045956658795,17425.144320102772,1743.4407797671875,26363258,24783058,25825549,24320515
6,8,none,iso -> df -> ss,66,116,2251084.642661924,457.59080598545916,38268.43892525271,24414482.0,71517.96383690604,0.29546126093797,,,26363258,24783058,25925847,24414482
6,8,df,iso -> df -> ss,66,116,2249429.5834866716,457.2543726734439,38240.30291927342,24414482.0,71517.96383690604,0.2956786519932121,17673.801486938115,,26363258,24783058,25925847,24414482
6,8,ss,iso -> df -> ss,66,116,2250917.917795042,457.5739591064802,38265.60460251572,24412679.05693801,71517.96383690604,0.29546126093797,,1802.9430619869938,26363258,24783058,25925847,24414482
6,8,df+ss,iso -> df -> ss,66,116,2249262.981200485,457.23753818075244,38237.470680408245,24412679.05693801,71517.96383690604,0.2956786519932121,17673.801486938115,1802.9430619869938,26363258,24783058,25925847,24414482
6,9,none,iso -> df -> ss,66,116,2251816.47509446,457.1716631920648,38280.88007660582,24475199.0,71703.53034427474,0.29609969492478266,,,26363258,24783058,25990652,24475199
6,9,df,iso -> df -> ss,66,116,2250146.5838598832,456.8326360282151,38252.491925618015,24475199.0,71703.53034427474,0.29631943806892375,17865.02532654915,,26363258,24783058,25990652,24475199
6,9,ss,iso -> df -> ss,66,116,2251644.4461345915,457.15430192310953,38277.95558428806,24473334.67935521,71703.53034427474,0.29609969492478266,,1864.3206447888351,26363258,24783058,25990652,24475199
6,9,df+ss,iso -> df -> ss,66,116,2249974.682472424,456.81528763394624,38249.56960203121,24473334.67935521,71703.53034427474,0.29631943806892375,17865.02532654915,1864.3206447888351,26363258,24783058,25990652,24475199
6,10,none,iso -> df -> ss,66,116,2252820.852071535,456.9813253246809,38297.9544852161,24517369.0,71800.75496496986,0.29647794677941336,,,26363258,24783058,26035882,24517369
6,10,df,iso -> df -> ss,66,116,2251136.8095303588,456.63971982521906,38269.3257620161,24517369.0,71800.75496496986,0.29669973759762724,18031.500368648165,,26363258,24783058,26035882,24517369
6,10,ss,iso -> df -> ss,66,116,2252645.8020853777,456.9636743561799,38294.97863545142,24515469.516346443,71800.75496496986,0.29647794677941336,,1899.4836535581167,26363258,24783058,26035882,24517369
6,10,df+ss,iso -> df -> ss,66,116,2250961.8903986467,456.62208205127894,38266.35213677699,24515469.516346443,71800.75496496986,0.29669973759762724,18031.500368648165,1899.4836535581167,26363258,24783058,26035882,24517369
6,11,none,iso -> df -> ss,66,116,2254091.745610744,456.9482748759075,38319.559675382654,24548503.0,71863.0521619191,0.2966874155032743,,,26363258,24783058,26069371,24548503
6,11,df,iso -> df -> ss,66,116,2252396.382821653,456.6045918367089,38290.738507968104,24548503.0,71863.0521619191,0.2969107300175721,18155.376220315695,,26363258,24783058,26069371,24548503
6,11,ss,iso -> df -> ss,66,116,2253913.5839806814,456.9303215274265,38316.530927671585,24546568.385723516,71863.0521619191,0.2966874155032743,,1934.614276483043,26363258,24783058,26069371,24548503
6,11,df+ss,iso -> df -> ss,66,116,2252218.3551917253,456.58665199142223,38287.712038259335,24546568.385723516,71863.0521619191,0.2969107300175721,18155.376220315695,1934.614276483043,26363258,24783058,26069371,24548503
6,12,none,iso -> df -> ss,66,116,2255384.700452478,456.9878449730735,38341.53990769213,24572367.0,71916.14875044642,0.296805784534088,,,26363258,24783058,26095140,24572367
6,12,df,iso -> df -> ss,66,116,2253680.37901951,456.64251400641524,38312.56644333167,24572367.0,71916.14875044642,0.2970302407013065,18248.19212327432,,26363258,24783058,26095140,24572367
6,12,ss,iso -> df -> ss,66,116,2255203.5132689066,456.9695955955598,38338.45972557142,24570398.74700747,71916.14875044642,0.296805784534088,,1968.2529925283327,26363258,24783058,26095140,24572367
6,12,df+ss,iso -> df -> ss,66,116,2253499.328753246,456.6242784193672,38309.48858880519,24570398.74700747,71916.14875044642,0.2970302407013065,18248.19212327432,1968.2529925283327,26363258,24783058,26095140,24572367
6,13,none,iso -> df -> ss,66,116,2256652.3019415597,457.0678783832347,38363.08913300651,24591317.0,71950.13438181883,0.2968680890101094,,,26363258,24783058,26115856,24591317
6,13,df,iso -> df -> ss,66,116,2254940.024438744,456.72106950853924,38333.98041545865,24591317.0,71950.13438181883,0.29709351431836895,18326.98288287263,,26363258,24783058,26115856,24591317
6,13,ss,iso -> df -> ss,66,116,2256469.5242073946,457.04947588719324,38359.98191152571,24589331.051914424,71950.13438181883,0.2968680890101094,,1985.9480855770837,26363258,24783058,26115856,24591317
6,13,df+ss,iso -> df -> ss,66,116,2254757.385390633,456.70268097573876,38330.87555164076,24589331.051914424,71950.13438181883,0.29709351431836895,18326.98288287263,1985.9480855770837,26363258,24783058,26115856,24591317
6,14,none,iso -> df -> ss,66,116,2257767.7016506335,457.15034155468754,38382.05092806077,24606697.0,71976.54970960166,0.2969072295597717,,,26363258,24783058,26132930,24606697
6,14,df,iso -> df -> ss,66,116,2256049.206530632,456.80238253724997,38352.836511020745,24606697.0,71976.54970960166,0.2971333920138594,18386.91252909758,,26363258,24783058,26132930,24606697
6,14,ss,iso -> df -> ss,66,116,2257582.7988261846,457.131730907196,38378.90758004514,24604687.697136376,71976.54970960166,0.2969072295597717,,2009.302863623986,26363258,24783058,26132930,24606697
6,14,df+ss,iso -> df -> ss,66,116,2255864.4444445777,456.78378605521345,38349.695555557824,24604687.697136376,71976.54970960166,0.2971333920138594,18386.91252909758,2009.302863623986,26363258,24783058,26132930,24606697
6,15,none,iso -> df -> ss,66,116,2258782.5087012113,457.2361555134171,38399.302647920595,24619510.0,71991.28439371868,0.29692864633190635,,,26363258,24783058,26147354,24619510
6,15,df,iso -> df -> ss,66,116,2257057.2663961127,456.88692173111457,38369.97352873392,24619510.0,71991.28439371868,0.29715561171283594,18452.19014411603,,26363258,24783058,26147354,24619510
6,15,ss,iso -> df -> ss,66,116,2258595.9250384057,457.2173805635067,38396.130725652896,24617482.285540063,71991.28439371868,0.29692864633190635,,2027.7144599362414,26363258,24783058,26147354,24619510
6,15,df+ss,iso -> df -> ss,66,116,2256870.8252446055,456.86816112137984,38366.804029158295,24617482.285540063,71991.28439371868,0.29715561171283594,18452.19014411603,2027.7144599362414,26363258,24783058,26147354,24619510
7,2,none,iso -> df -> ss,66,116,2238987.7104581776,509.8441935170824,38062.79107778902,19452419.0,55889.2518224256,0.23669617600390078,,,26363258,24783058,20663204,19452419
7,2,df,iso -> df -> ss,66,116,2237414.5571032893,509.48596774399965,38036.04747075592,19452419.0,55889.2518224256,0.23686259996060005,13530.197781588977,,26363258,24783058,20663204,19452419
7,2,ss,iso -> df -> ss,66,116,2238859.225323306,509.8296483310777,38060.6068304962,19451305.922992434,55889.2518224256,0.23669617600390078,,1113.0770075658265,26363258,24783058,20663204,19452419
7,2,df+ss,iso -> df -> ss,66,116,2237286.162244403,509.47143277770635,38033.86475815485,19451305.922992434,55889.2518224256,0.23686259996060005,13530.197781588977,1113.0770075658265,26363258,24783058,20663204,19452419
7,3,none,iso -> df -> ss,66,116,2249130.377749743,480.7252714897765,38235.21642174563,22079972.0,63743.4819799928,0.2674528361083252,,,26363258,24783058,23448084,22079972
7,3,df,iso -> df -> ss,66,116,2247501.5998144797,480.3771392859381,38207.52719684616,22079972.0,63743.4819799928,0.26764666078823324,15757.865070160478,,26363258,24783058,23448084,22079972
7,3,ss,iso -> df -> ss,66,116,2248988.244174614,480.7101690100967,38232.80015096844,22078580.686583456,63743.4819799928,0.2674528361083252,,1391.3134165438555,26363258,24783058,23448084,22079972
7,3,df+ss,iso -> df -> ss,66,116,2247359.5691698138,480.36204774319015,38205.112675886834,22078580.686583456,63743.4819799928,0.26764666078823324,15757.865070160478,1391.3134165438555,26363258,24783058,23448084,22079972
7,4,none,iso -> df -> ss,66,116,2251902.070327958,468.4278040540571,38282.33519557529,23313120.0,67724.78469395875,0.2820371703630058,,,26363258,24783058,24755734,23313120
7,4,df,iso -> df -> ss,66,116,2250258.0518200058,468.0858247159449,38254.3868809401,23313120.0,67724.78469395875,0.2822432242098667,16752.09120717668,,26363258,24783058,24755734,23313120
7,4,ss,iso -> df -> ss,66,116,2251749.511810878,468.4120285343118,38279.74170078493,23311545.20548752,67724.78469395875,0.2820371703630058,,1574.7945124787914,26363258,24783058,24755734,23313120
7,4,df+ss,iso -> df -> ss,66,116,2250105.60467945,468.0700607132397,38251.79527955065,23311545.20548752,67724.78469395875,0.2822432242098667,16752.09120717668,1574.7945124787914,26363258,24783058,24755734,23313120
7,5,none,iso -> df -> ss,66,116,2252469.126009746,462.7886955874753,38291.975142165684,23897549.0,69686.82166436594,0.2890314802672498,,,26363258,24783058,25376604,23897549
7,5,df,iso -> df -> ss,66,116,2250803.6654149913,462.44651272365763,38263.662312054854,23897549.0,69686.82166436594,0.2892453463402553,17387.22191159286,,26363258,24783058,25376604,23897549
7,5,ss,iso -> df -> ss,66,116,2252303.426499169,462.77177208706445,38289.158250485874,23895796.139081527,69686.82166436594,0.2890314802672498,,1752.8609184751804,26363258,24783058,25376604,23897549
7,5,df+ss,iso -> df -> ss,66,116,2250638.088421523,462.4296017363697,38260.847503165896,23895796.139081527,69686.82166436594,0.2892453463402553,17387.22191159286,1752.8609184751804,26363258,24783058,25376604,23897549
7,6,none,iso -> df -> ss,66,116,2252675.8075455306,460.00990697457365,38295.488728274024,24192191.0,70750.65276435547,0.29256573226589777,,,26363258,24783058,25689737,24192191
7,6,df,iso -> df -> ss,66,116,2250989.4503931473,459.66554273263733,38266.82065668351,24192191.0,70750.65276435547,0.2927849115761618,17819.18586915762,,26363258,24783058,25689737,24192191
7,6,ss,iso -> df -> ss,66,116,2252498.9756847573,459.99195685823,38292.48258664088,24190297.501092236,70750.65276435547,0.29256573226589777,,1893.4989077629623,26363258,24783058,25689737,24192191
7,6,df+ss,iso -> df -> ss,66,116,2250812.7509090225,459.64760605378297,38263.81676545338,24190297.501092236,70750.65276435547,0.2927849115761618,17819.18586915762,1893.4989077629623,26363258,24783058,25689737,24192191
7,7,none,iso -> df -> ss,66,116,2253032.481015617,458.5661503165152,38301.55217726549,24352600.0,71261.49420972345,0.29445849313254246,,,26363258,24783058,25860440,24352600
7,7,df,iso -> df -> ss,66,116,2251327.9680982647,458.2192259231648,38272.5754576705,24352600.0,71261.49420972345,0.29468143191013535,18124.828984016553,,26363258,24783058,25860440,24352600
7,7,ss,iso -> df -> ss,66,116,2252848.1297242814,458.5474986407802,38298.41820531279,24350613.212793596,71261.49420972345,0.29445849313254246,,1986.7872064038806,26363258,24783058,25860440,24352600
7,7,df+ss,iso -> df -> ss,66,116,2251143.75627636,458.2005883581994,38269.44385669812,24350613.212793596,71261.49420972345,0.29468143191013535,18124.828984016553,1986.7872064038806,26363258,24783058,25860440,24352600
7,8,none,iso -> df -> ss,66,116,2253586.6406959076,457.7895127371045,38310.97289183043,24447396.0,71564.2029756731,0.2955317187389645,,,26363258,24783058,25961665,24447396
7,8,df,iso -> df -> ss,66,116,2251861.57494006,457.43908600065333,38281.64677398102,24447396.0,71564.2029756731,0.2957581143813241,18405.870637665183,,26363258,24783058,25961665,24447396
7,8,ss,iso -> df -> ss,66,116,2253395.7012096373,457.7702319892381,38307.72692056384,24445330.710511375,71564.2029756731,0.2955317187389645,,2065.289488623687,26363258,24783058,25961665,24447396
7,8,df+ss,iso -> df -> ss,66,116,2251670.7816133215,457.4198200117304,38278.40328742647,24445330.710511375,71564.2029756731,0.2957581143813241,18405.870637665183,2065.289488623687,26363258,24783058,25961665,24447396
7,9,none,iso -> df -> ss,66,116,2254348.108462427,457.3721908419849,38323.91784386126,24508610.0,71752.14683042698,0.29617152263614677,,,26363258,24783058,26027018,24508610
7,9,df,iso -> df -> ss,66,116,2252606.065669873,457.0187574367447,38294.30311638784,24508610.0,71752.14683042698,0.29640056555413896,18621.093034735968,,26363258,24783058,26027018,24508610
7,9,ss,iso -> df -> ss,66,116,2254151.037292571,457.35231578435395,38320.567633973704,24506473.772614952,71752.14683042698,0.29617152263614677,,2136.2273850488664,26363258,24783058,26027018,24508610
7,9,df+ss,iso -> df -> ss,66,116,2252409.1467863517,456.99889773752295,38290.95549536798,24506473.772614952,71752.14683042698,0.29640056555413896,18621.093034735968,2136.2273850488664,26363258,24783058,26027018,24508610
7,10,none,iso -> df -> ss,66,116,2255371.892252663,457.18310215225125,38341.32216829528,24551090.0,71849.37145112212,0.2965505216501165,,,26363258,24783058,26072606,24551090
7,10,df,iso -> df -> ss,66,116,2253613.827694297,456.8267274845794,38311.43507080305,24551090.0,71849.37145112212,0.2967818633979667,18807.98693668426,,26363258,24783058,26072606,24551090
7,10,ss,iso -> df -> ss,66,116,2255171.7410997916,457.16293392474057,38337.91959869646,24548917.60960618,71849.37145112212,0.2965505216501165,,2172.3903938181484,26363258,24783058,26072606,24551090
7,10,df+ss,iso -> df -> ss,66,116,2253413.832559441,456.8065749782215,38308.0351535105,24548917.60960618,71849.37145112212,0.2967818633979667,18807.98693668426,2172.3903938181484,26363258,24783058,26072606,24551090
7,11,none,iso -> df -> ss,66,116,2256655.3095807815,457.1508009923382,38363.14026287329,24582426.0,71912.1010500838,0.29676050624978445,,,26363258,24783058,26106327,24582426
7,11,df,iso -> df -> ss,66,116,2254884.310460414,456.79203389884566,38333.03327782704,24582426.0,71912.1010500838,0.29699358366004897,18949.09556199136,,26363258,24783058,26106327,24582426
7,11,ss,iso -> df -> ss,66,116,2256451.69734053,457.1302970698032,38359.67885478901,24580214.478983257,71912.1010500838,0.29676050624978445,,2211.5210167430746,26363258,24783058,26106327,24582426
7,11,df+ss,iso -> df -> ss,66,116,2254680.8580128863,456.7715460675713,38329.57458621907,24580214.478983257,71912.1010500838,0.29699358366004897,18949.09556199136,2211.5210167430746,26363258,24783058,26106327,24582426
7,12,none,iso -> df -> ss,66,116,2257957.685400333,457.1910361198287,38385.28065180566,24606427.0,71965.67169964749,0.2968791123877854,,,26363258,24783058,26132255,24606427
7,12,df,iso -> df -> ss,66,116,2256176.564788409,456.8303950045035,38355.00160140295,24606427.0,71965.67169964749,0.29711348123753595,19054.08904980315,,26363258,24783058,26132255,24606427
7,12,ss,iso -> df -> ss,66,116,2257750.782567671,457.1702109813985,38381.76330365041,24604178.84026721,71965.67169964749,0.2968791123877854,,2248.159732788364,26363258,24783058,26132255,24606427
7,12,df+ss,iso -> df -> ss,66,116,2255969.8251646957,456.8095862933445,38351.48702779983,24604178.84026721,71965.67169964749,0.29711348123753595,19054.08904980315,2248.159732788364,26363258,24783058,26132255,24606427
7,13,none,iso -> df -> ss,66,116,2259232.602961244,457.2716233552407,38406.95425034115,24625475.0,71999.73771415892,0.2969415273861395,,,26363258,24783058,26153083,24625475
7,13,df,iso -> df -> ss,66,116,2257442.020135788,456.9092070576558,38376.514342308394,24625475.0,71999.73771415892,0.2971770587505598,19148.60100419444,,26363258,24783058,26153083,24625475
7,13,ss,iso -> df -> ss,66,116,2259023.747393071,457.25060978884505,38403.40370568221,24623205.145174164,71999.73771415892,0.2969415273861395,,2269.854825837115,26363258,24783058,26153083,24625475
7,13,df+ss,iso -> df -> ss,66,116,2257233.3300986867,456.8882101458229,38372.96661167768,24623205.145174164,71999.73771415892,0.2971770587505598,19148.60100419444,2269.854825837115,26363258,24783058,26153083,24625475
7,14,none,iso -> df -> ss,66,116,2260351.4907660424,457.3542618605191,38425.97534302272,24640911.0,72026.70082011248,0.29698079901430346,,,26363258,24783058,26170222,24640911
7,14,df,iso -> df -> ss,66,116,2258553.9836682873,456.99055845631796,38395.417722360886,24640911.0,72026.70082011248,0.2972171560365333,19215.726637338274,,26363258,24783058,26170222,24640911
7,14,ss,iso -> df -> ss,66,116,2260140.422162555,457.3330322741023,38422.38717676344,24638616.790396117,72026.70082011248,0.29698079901430346,,2294.2096038840173,26363258,24783058,26170222,24640911
7,14,df+ss,iso -> df -> ss,66,116,2258343.0829136125,456.9693457523782,38391.83240953142,24638616.790396117,72026.70082011248,0.2972171560365333,19215.726637338274,2294.2096038840173,26363258,24783058,26170222,24640911
7,15,none,iso -> df -> ss,66,116,2261369.9417697424,457.44034331792017,38443.289010085624,24653771.0,72041.43550422952,0.2970022475793919,,,26363258,24783058,26184710,24653771
7,15,df,iso -> df -> ss,66,116,2259564.789327716,457.0751887549407,38412.601418571176,24653771.0,72041.43550422952,0.2972395208521202,19290.21741803264,,26363258,24783058,26184710,24653771
7,15,ss,iso -> df -> ss,66,116,2261157.1026599053,457.4189412216769,38439.67074521839,24651457.378799804,72041.43550422952,0.2970022475793919,,2313.621200196273,26363258,24783058,26184710,24653771
7,15,df+ss,iso -> df -> ss,66,116,2259352.120118005,457.0538037430522,38408.986042006094,24651457.378799804,72041.43550422952,0.2972395208521202,19290.21741803264,2313.621200196273,26363258,24783058,26184710,24653771
8,2,none,iso -> df -> ss,66,116,2240066.554910777,509.9602834757812,38081.13143348321,19462249.0,55898.651430535305,0.23670196335812788,,,26363258,24783058,20674035,19462249
8,2,df,iso -> df -> ss,66,116,2238470.0911204163,509.5968419854797,38053.99154904708,19462249.0,55898.651430535305,0.23687077781542515,13724.544476196083,,26363258,24783058,20674035,19462249
8,2,ss,iso -> df -> ss,66,116,2239930.489029124,509.9448839799624,38078.81831349511,19461070.2215552,55898.651430535305,0.23670196335812788,,1178.7784447992753,26363258,24783058,20674035,19462249
8,2,df+ss,iso -> df -> ss,66,116,2238334.122210995,509.5814534646641,38051.68007758691,19461070.2215552,55898.651430535305,0.23687077781542515,13724.544476196083,1178.7784447992753,26363258,24783058,20674035,19462249
8,3,none,iso -> df -> ss,66,116,2250347.9531080304,480.84744948707424,38255.91520283652,22092577.0,63754.4466242061,0.26746103721513,,,26363258,24783058,23461995,22092577
8,3,df,iso -> df -> ss,66,116,2248689.7149938866,480.49312225215624,38227.72515489608,22092577.0,63754.4466242061,0.26765826944463733,16034.89742140763,,26363258,24783058,23461995,22092577
8,3,ss,iso -> df -> ss,66,116,2250196.011264264,480.8313094042652,38253.332191492496,22091089.63005344,63754.4466242061,0.26746103721513,,1487.3699465617267,26363258,24783058,23461995,22092577
8,3,df+ss,iso -> df -> ss,66,116,2248537.885113142,480.4769940626637,38225.144046923415,22091089.63005344,63754.4466242061,0.26765826944463733,16034.89742140763,1487.3699465617267,26363258,24783058,23461995,22092577
8,4,none,iso -> df -> ss,66,116,2253251.505757992,468.55908858505285,38305.27559788587,23327899.0,67737.12635720377,0.2820473199889845,,,26363258,24783058,24772086,23327899
8,4,df,iso -> df -> ss,66,116,2251570.6619143547,468.20956051088274,38276.70125254403,23327899.0,67737.12635720377,0.28225787411879133,17117.96232055982,,26363258,24783058,24772086,23327899
8,4,ss,iso -> df -> ss,66,116,2253086.210308881,468.5420013658428,38302.46557525098,23326192.66633353,67737.12635720377,0.2820473199889845,,1706.3336664696494,26363258,24783058,24772086,23327899
8,4,df+ss,iso -> df -> ss,66,116,2251405.4897696497,468.19248603811803,38273.89332608405,23326192.66633353,67737.12635720377,0.28225787411879133,17117.96232055982,1706.3336664696494,26363258,24783058,24772086,23327899
8,5,none,iso -> df -> ss,66,116,2253931.563705918,462.9287064052438,38316.83658300061,23914019.0,69701.715673922,0.2890434160900397,,,26363258,24783058,25394841,23914019
8,5,df,iso -> df -> ss,66,116,2252223.3647641568,462.57786419728785,38287.797200990666,23914019.0,69701.715673922,0.28926264108575395,17822.900077074068,,26363258,24783058,25394841,23914019
8,5,ss,iso -> df -> ss,66,116,2253751.1683895737,462.91028827149677,38313.76986262276,23912110.599927533,69701.715673922,0.2890434160900397,,1908.4000724660384,26363258,24783058,25394841,23914019
8,5,df+ss,iso -> df -> ss,66,116,2252043.106164958,462.5594600221885,38284.732804804284,23912110.599927533,69701.715673922,0.28926264108575395,17822.900077074068,1908.4000724660384,26363258,24783058,25394841,23914019
8,6,none,iso -> df -> ss,66,116,2254227.919841698,460.15710788004515,38321.874637308865,24209939.0,70767.90579695701,0.2925791966399742,,,26363258,24783058,25709429,24209939
8,6,df,iso -> df -> ss,66,116,2252493.0188473733,459.80296133746185,38292.38132040535,24209939.0,70767.90579695701,0.29280454514712706,18320.73898515242,,26363258,24783058,25709429,24209939
8,6,ss,iso -> df -> ss,66,116,2254034.7034571,460.1375017199432,38318.5899587707,24207869.961938247,70767.90579695701,0.2925791966399742,,2069.0380617538203,26363258,24783058,25709429,24209939
8,6,df+ss,iso -> df -> ss,66,116,2252299.951166149,459.7833702666711,38289.09916982454,24207869.961938247,70767.90579695701,0.29280454514712706,18320.73898515242,2069.0380617538203,26363258,24783058,25709429,24209939
8,7,none,iso -> df -> ss,66,116,2254656.5086804307,458.7192309525361,38329.160647567325,24371335.0,71279.36157112659,0.29447321303666707,,,26363258,24783058,25881241,24371335
8,7,df,iso -> df -> ss,66,116,2252899.6612635404,458.361793048858,38299.29424148019,24371335.0,71279.36157112659,0.2947028479878201,18669.225082064033,,26363258,24783058,25881241,24371335
8,7,ss,iso -> df -> ss,66,116,2254454.302050285,458.69878057882073,38325.723134854845,24369155.673639607,71279.36157112659,0.29447321303666707,,2179.3263603947385,26363258,24783058,25881241,24371335
8,7,df+ss,iso -> df -> ss,66,116,2252697.6121945106,458.34135861024674,38295.859407306685,24369155.673639607,71279.36157112659,0.2947028479878201,18669.225082064033,2179.3263603947385,26363258,24783058,25881241,24371335
8,8,none,iso -> df -> ss,66,116,2255262.3165281285,457.94664808816583,38339.45938097819,24466849.0,71582.07033707625,0.29554759236659495,,,26363258,24783058,25983276,24466849
8,8,df,iso -> df -> ss,66,116,2253481.981470596,457.5851387124734,38309.19368500014,24466849.0,71582.07033707625,0.29578108601961106,18982.93592287507,,26363258,24783058,25983276,24466849
8,8,ss,iso -> df -> ss,66,116,2255052.5998220393,457.9254796081923,38335.89419697467,24464580.48560717,71582.07033707625,0.29554759236659495,,2268.5143928291504,26363258,24783058,25983276,24466849
8,8,df+ss,iso -> df -> ss,66,116,2253272.430317756,457.56398694318875,38305.63131540185,24464580.48560717,71582.07033707625,0.29578108601961106,18982.93592287507,2268.5143928291504,26363258,24783058,25983276,24466849
8,9,none,iso -> df -> ss,66,116,2256056.3337128675,457.5319768894109,38352.95767311875,24528504.0,71770.01419183012,0.2961879832445595,,,26363258,24783058,26049129,24528504
8,9,df,iso -> df -> ss,66,116,2254258.2257599095,457.1673176058266,38322.38983791846,24528504.0,71770.01419183012,0.29642423744212965,19207.36703568707,,26363258,24783058,26049129,24528504
8,9,ss,iso -> df -> ss,66,116,2255839.880912915,457.51015594230535,38349.27797551956,24526157.547710747,71770.01419183012,0.2961879832445595,,2346.45228925433,26363258,24783058,26049129,24528504
8,9,df+ss,iso -> df -> ss,66,116,2254041.9454758177,457.14551405031625,38318.713073088904,24526157.547710747,71770.01419183012,0.29642423744212965,19207.36703568707,2346.45228925433,26363258,24783058,26049129,24528504
8,10,none,iso -> df -> ss,66,116,2257104.8441382097,457.34491875373527,38370.78235034957,24571313.0,71867.55469671657,0.29656741780275353,,,26363258,24783058,26095076,24571313
8,10,df,iso -> df -> ss,66,116,2255289.4887574115,456.97708313400483,38339.921308876,24571313.0,71867.55469671657,0.29680613449981674,19407.567210227367,,26363258,24783058,26095076,24571313
8,10,ss,iso -> df -> ss,66,116,2256884.7379234964,457.3227488168729,38367.04054469944,24568923.886258323,71867.55469671657,0.29656741780275353,,2389.1137416771735,26363258,24783058,26095076,24571313
8,10,df+ss,iso -> df -> ss,66,116,2255069.559570807,456.95493102808825,38336.18251270372,24568923.886258323,71867.55469671657,0.29680613449981674,19407.567210227367,2389.1137416771735,26363258,24783058,26095076,24571313
8,11,none,iso -> df -> ss,66,116,2258403.8677083557,457.3139960015789,38392.865751042045,24602844.0,71930.84176225234,0.2967775332379803,,,26363258,24783058,26129029,24602844
8,11,df,iso -> df -> ss,66,116,2256574.2749644206,456.94351383018886,38361.762674395155,24602844.0,71930.84176225234,0.2970181555066107,19562.489378302416,,26363258,24783058,26129029,24602844
8,11,ss,iso -> df -> ss,66,116,2258179.531305026,457.2914144447234,38389.05203218544,24600407.24503912,71930.84176225234,0.2967775332379803,,2436.7549608795143,26363258,24783058,26129029,24602844
8,11,df+ss,iso -> df -> ss,66,116,2256350.120301949,456.92095056725015,38357.952045133134,24600407.24503912,71930.84176225234,0.2970181555066107,19562.489378302416,2436.7549608795143,26363258,24783058,26129029,24602844
8,12,none,iso -> df -> ss,66,116,2259718.9034360526,457.35535985167,38415.2213584129,24626999.0,71984.85117293999,0.29689623116578157,,,26363258,24783058,26155138,24626999
8,12,df,iso -> df -> ss,66,116,2257878.4823900936,456.9828681986271,38383.93420063159,24626999.0,71984.85117293999,0.29713823447843324,19674.76767719016,,26363258,24783058,26155138,24626999
8,12,ss,iso -> df -> ss,66,116,2259490.732817748,457.33240359456914,38411.34245790172,24624519.606323075,71984.85117293999,0.29689623116578157,,2479.393676924804,26363258,24783058,26155138,24626999
8,12,df+ss,iso -> df -> ss,66,116,2257650.497604641,456.9599306381786,38380.0584592789,24624519.606323075,71984.85117293999,0.29713823447843324,19674.76767719016,2479.393676924804,26363258,24783058,26155138,24626999
8,13,none,iso -> df -> ss,66,116,2261000.248290672,457.4364510842585,38437.004220941424,24646130.0,72019.05043893776,0.2969587451145547,,,26363258,24783058,26176074,24646130
8,13,df,iso -> df -> ss,66,116,2259149.256660897,457.06196592321044,38405.53736323525,24646130.0,72019.05043893776,0.2972020527003527,19780.804536191456,,26363258,24783058,26176074,24646130
8,13,ss,iso -> df -> ss,66,116,2260769.8535739607,457.41328004322094,38433.08751075734,24643625.911230028,72019.05043893776,0.2969587451145547,,2504.0887699735545,26363258,24783058,26176074,24646130
8,13,df+ss,iso -> df -> ss,66,116,2258919.0505592437,457.03881385138925,38401.62385950715,24643625.911230028,72019.05043893776,0.2972020527003527,19780.804536191456,2504.0887699735545,26363258,24783058,26176074,24646130
8,14,none,iso -> df -> ss,66,116,2262124.9211394545,457.5195692269434,38456.12365937073,24661637.0,72046.0135448913,0.29699807556400776,,,26363258,24783058,26193299,24661637
8,14,df,iso -> df -> ss,66,116,2260266.5018822523,457.1436999855711,38424.530531998294,24661637.0,72046.0135448913,0.29724227107923595,19852.992825938258,,26363258,24783058,26193299,24661637
8,14,ss,iso -> df -> ss,66,116,2261892.1797615257,457.4961695254982,38452.16705594594,24659107.07106663,72046.0135448913,0.29699807556400776,,2529.928933372198,26363258,24783058,26193299,24661637
8,14,df+ss,iso -> df -> ss,66,116,2260033.9517099704,457.12031950784575,38420.5771790695,24659107.07106663,72046.0135448913,0.29724227107923595,19852.992825938258,2529.928933372198,26363258,24783058,26193299,24661637
8,15,none,iso -> df -> ss,66,116,2263145.942901258,457.6058314452482,38473.48102932139,24674530.0,72060.70015601133,0.29701956113714234,,,26363258,24783058,26207832,24674530
8,15,df,iso -> df -> ss,66,116,2261278.914432452,457.2283201683111,38441.74154535169,24674530.0,72060.70015601133,0.2972647958018694,19937.475243752633,,26363258,24783058,26207832,24674530
8,15,ss,iso -> df -> ss,66,116,2262911.248737093,457.5822415614493,38469.49122853058,24671978.659470316,72060.70015601133,0.29701956113714234,,2551.3405296844535,26363258,24783058,26207832,24674530
8,15,df+ss,iso -> df -> ss,66,116,2261044.4138840316,457.2047497454686,38437.75503602854,24671978.659470316,72060.70015601133,0.2972647958018694,19937.475243752633,2551.3405296844535,26363258,24783058,26207832,24674530
9,2,none,iso -> df -> ss,66,116,2240745.871945017,510.03506539366646,38092.67982306529,19468303.0,55902.1397650123,0.23670398003065188,,,26363258,24783058,20680782,19468303
9,2,df,iso -> df -> ss,66,116,2239127.7309976364,509.6667466859332,38065.17142695982,19468303.0,55902.1397650123,0.23687503789269035,13906.932339427723,,26363258,24783058,20680782,19468303
9,2,ss,iso -> df -> ss,66,116,2240603.3476177896,510.01893744288395,38090.25690950243,19467068.259636484,55902.1397650123,0.23670398003065188,,1234.7403635167811,26363258,24783058,20680782,19468303
9,2,df+ss,iso -> df -> ss,66,116,2238985.309593482,509.6506303818519,38062.7502630892,19467068.259636484,55902.1397650123,0.23687503789269035,13906.932339427723,1234.7403635167811,26363258,24783058,20680782,19468303
9,3,none,iso -> df -> ss,66,116,2251123.00613717,480.92744798948195,38269.09110433189,22100387.0,63758.22473901599,0.26746369733804404,,,26363258,24783058,23470689,22100387
9,3,df,iso -> df -> ss,66,116,2249436.2082314887,480.5670823364982,38240.41553993531,22100387.0,63758.22473901599,0.26766426190745246,16305.815255788839,,26363258,24783058,23470689,22100387
9,3,ss,iso -> df -> ss,66,116,2250962.941759309,480.91044806948463,38266.37000990825,22098820.102382477,63758.22473901599,0.26746369733804404,,1566.8976175237804,26363258,24783058,23470689,22100387
9,3,df+ss,iso -> df -> ss,66,116,2249276.2637921013,480.5500951547784,38237.69648446573,22098820.102382477,63758.22473901599,0.26766426190745246,16305.815255788839,1566.8976175237804,26363258,24783058,23470689,22100387
9,4,none,iso -> df -> ss,66,116,2254118.2438209946,468.64620182033735,38320.01014495691,23337102.0,67740.9562166929,0.28205037320000337,,,26363258,24783058,24782364,23337102
9,4,df,iso -> df -> ss,66,116,2252402.6581226597,468.2895201229038,38290.845188085215,23337102.0,67740.9562166929,0.28226520227806673,17465.513818339663,,26363258,24783058,24782364,23337102
9,4,ss,iso -> df -> ss,66,116,2253942.727626618,468.6280615924856,38317.02636965251,23335290.13866257,67740.9562166929,0.28205037320000337,,1811.861337431703,26363258,24783058,24782364,23337102
9,4,df+ss,iso -> df -> ss,66,116,2252227.2755118134,468.2713937013888,38287.86368370083,23335290.13866257,67740.9562166929,0.28226520227806673,17465.513818339663,1811.861337431703,26363258,24783058,24782364,23337102
9,5,none,iso -> df -> ss,66,116,2254874.1046474013,463.02224748233755,38332.85977900583,23924276.0,69705.54553341113,0.28904683357890204,,,26363258,24783058,25406311,23924276
9,5,df,iso -> df -> ss,66,116,2253126.4055094603,462.6633699817691,38303.14889366083,23924276.0,69705.54553341113,0.2892710406631718,18227.941784154056,,26363258,24783058,25406311,23924276
9,5,ss,iso -> df -> ss,66,116,2254681.671860654,463.00260451359696,38329.58842163112,23922240.23159069,69705.54553341113,0.28904683357890204,,2035.768409310745,26363258,24783058,25406311,23924276
9,5,df+ss,iso -> df -> ss,66,116,2252934.121872776,462.6437422378251,38299.8800718372,23922240.23159069,69705.54553341113,0.2892710406631718,18227.941784154056,2035.768409310745,26363258,24783058,25406311,23924276
9,6,none,iso -> df -> ss,66,116,2255225.885661927,460.25556641749284,38338.84005625276,24220933.0,70773.22840056646,0.2925828561622548,,,26363258,24783058,25721743,24220933
9,6,df,iso -> df -> ss,66,116,2253446.930023339,459.8925099980559,38308.597810396765,24220933.0,70773.22840056646,0.2928138320573555,18778.24326180623,,26363258,24783058,25721743,24220933
9,6,ss,iso -> df -> ss,66,116,2255019.1900767707,460.2345972065749,38335.3262313051,24218719.593601402,70773.22840056646,0.2925828561622548,,2213.4063985985267,26363258,24783058,25721743,24220933
9,6,df+ss,iso -> df -> ss,66,116,2253240.397482727,459.8715573279627,38305.086757206365,24218719.593601402,70773.22840056646,0.2928138320573555,18778.24326180623,2213.4063985985267,26363258,24783058,25721743,24220933
9,7,none,iso -> df -> ss,66,116,2255710.366764161,458.822721967316,38347.07623499074,24383037.0,71285.94491273936,0.29447729774868053,,,26363258,24783058,25894369,24383037
9,7,df,iso -> df -> ss,66,116,2253906.343577749,458.45577466722045,38316.40784082174,24383037.0,71285.94491273936,0.2947129969269202,19162.24419723201,,26363258,24783058,25894369,24383037
9,7,ss,iso -> df -> ss,66,116,2255493.5955213965,458.8008038007238,38343.391123863745,24380700.66792136,71285.94491273936,0.29447729774868053,,2336.3320786376125,26363258,24783058,25894369,24383037
9,7,df+ss,iso -> df -> ss,66,116,2253689.7456995947,458.4338740298649,38312.72567689311,24380700.66792136,71285.94491273936,0.2947129969269202,19162.24419723201,2336.3320786376125,26363258,24783058,25894369,24383037
9,8,none,iso -> df -> ss,66,116,2256355.787276022,458.05366164865825,38358.04838369238,24479051.0,71588.65367868904,0.29555204000672936,,,26363258,24783058,25996982,24479051
9,8,df,iso -> df -> ss,66,116,2254525.9614674305,457.6821961127125,38326.94134494632,24479051.0,71588.65367868904,0.2957919169297852,19501.893096129395,,26363258,24783058,25996982,24479051
9,8,ss,iso -> df -> ss,66,116,2256130.172601361,458.0308940757554,38354.212934223135,24476610.479888927,71588.65367868904,0.29555204000672936,,2440.5201110720245,26363258,24783058,25996982,24479051
9,8,df+ss,iso -> df -> ss,66,116,2254300.529758397,457.65944700351685,38323.10900589275,24476610.479888927,71588.65367868904,0.2957919169297852,19501.893096129395,2440.5201110720245,26363258,24783058,25996982,24479051
9,9,none,iso -> df -> ss,66,116,2257183.027869347,457.64198375839266,38372.1114737789,24541116.0,71776.5975334429,0.29619272234685634,,,26363258,24783058,26063295,24541116
9,9,df,iso -> df -> ss,66,116,2255333.1002320247,457.2669124667425,38340.66270394442,24541116.0,71776.5975334429,0.29643567320098374,19751.802401199922,,26363258,24783058,26063295,24541116
9,9,ss,iso -> df -> ss,66,116,2256950.0660856897,457.6185044932762,38368.15112345673,24538590.541992504,71776.5975334429,0.29619272234685634,,2525.458007497204,26363258,24783058,26063295,24541116
9,9,df+ss,iso -> df -> ss,66,116,2255100.329377697,457.24345244461205,38336.70559942085,24538590.541992504,71776.5975334429,0.29643567320098374,19751.802401199922,2525.458007497204,26363258,24783058,26063295,24541116
9,10,none,iso -> df -> ss,66,116,2258255.3282911023,457.4570973685091,38390.340580948745,24584213.0,71874.13803832934,0.2965723255866903,,,26363258,24783058,26109576,24584213
9,10,df,iso -> df -> ss,66,116,2256386.8830300663,457.0786044961586,38358.57701151113,24584213.0,71874.13803832934,0.29681790809759057,19965.754991537586,,26363258,24783058,26109576,24584213
9,10,ss,iso -> df -> ss,66,116,2258018.458025367,457.43324509416277,38386.313786431245,24581641.88054008,71874.13803832934,0.2965723255866903,,2571.119459920048,26363258,24783058,26109576,24584213
9,10,df+ss,iso -> df -> ss,66,116,2256150.2087470964,457.0547719568123,38354.55354870064,24581641.88054008,71874.13803832934,0.29681790809759057,19965.754991537586,2571.119459920048,26363258,24783058,26109576,24584213
9,11,none,iso -> df -> ss,66,116,2259570.590569678,457.42768243794814,38412.70003968453,24615937.0,71937.98751684465,0.29678252527873883,,,26363258,24783058,26143742,24615937
9,11,df,iso -> df -> ss,66,116,2257687.1514415485,457.0463988440702,38380.68157450633,24615937.0,71937.98751684465,0.29703011131841583,20128.641039601964,,26363258,24783058,26143742,24615937
9,11,ss,iso -> df -> ss,66,116,2259329.3388101947,457.4034045912848,38408.59875977331,24613316.46538549,71937.98751684465,0.29678252527873883,,2620.5346145112167,26363258,24783058,26143742,24615937
9,11,df+ss,iso -> df -> ss,66,116,2257446.1007747003,457.02214123392736,38376.58371316991,24613316.46538549,71937.98751684465,0.29703011131841583,20128.641039601964,2620.5346145112167,26363258,24783058,26143742,24615937
9,12,none,iso -> df -> ss,66,116,2260898.3854207974,457.47022915062286,38435.27255215356,24640242.0,71992.44883593095,0.29690129077339034,,,26363258,24783058,26170031,24640242
9,12,df,iso -> df -> ss,66,116,2259003.3128087283,457.08678011651733,38403.056317748385,24640242.0,71992.44883593095,0.29715036057397115,20249.270177905462,,26363258,24783058,26170031,24640242
9,12,ss,iso -> df -> ss,66,116,2260653.030253521,457.4455505278411,38431.10151430986,24637575.826669443,71992.44883593095,0.29690129077339034,,2666.1733305565062,26363258,24783058,26170031,24640242
9,12,df+ss,iso -> df -> ss,66,116,2258758.163296806,457.06212217922166,38398.88877604571,24637575.826669443,71992.44883593095,0.29715036057397115,20249.270177905462,2666.1733305565062,26363258,24783058,26170031,24640242
9,13,none,iso -> df -> ss,66,116,2262187.455179789,457.55203143074476,38457.186738056414,24659462.0,72026.64810192873,0.29696383012227656,,,26363258,24783058,26191075,24659462
9,13,df,iso -> df -> ss,66,116,2260280.5400695163,457.16633709738016,38424.76918118178,24659462.0,72026.64810192873,0.2972143675245263,20368.585577192614,,26363258,24783058,26191075,24659462
9,13,ss,iso -> df -> ss,66,116,2261939.7875848687,457.5271299094532,38452.97638894277,24656770.131576397,72026.64810192873,0.29696383012227656,,2691.868423605257,26363258,24783058,26191075,24659462
9,13,df+ss,iso -> df -> ss,66,116,2260033.0812464543,457.1414565668722,38420.562381189724,24656770.131576397,72026.64810192873,0.2972143675245263,20368.585577192614,2691.868423605257,26363258,24783058,26191075,24659462
9,14,none,iso -> df -> ss,66,116,2263318.3316608826,457.6357012527985,38476.411638235004,24675042.0,72053.61120788228,0.2970032045888542,,,26363258,24783058,26208393,24675042
9,14,df,iso -> df -> ss,66,116,2261403.179176333,457.24846356819506,38443.854045997665,24675042.0,72053.61120788228,0.2972547326800965,20449.128176201993,,26363258,24783058,26208393,24675042
9,14,ss,iso -> df -> ss,66,116,2263068.319769324,457.6105719478781,38472.16143607851,24672324.291412994,72053.61120788228,0.2970032045888542,,2717.7085870039004,26363258,24783058,26208393,24675042
9,14,df+ss,iso -> df -> ss,66,116,2261153.378837382,457.2233555269432,38439.60744023549,24672324.291412994,72053.61120788228,0.2972547326800965,20449.128176201993,2717.7085870039004,26363258,24783058,26208393,24675042
9,15,none,iso -> df -> ss,66,116,2264342.3462614394,457.72221058716775,38493.81988644447,24687971.0,72068.29781900228,0.29702471832981375,,,26363258,24783058,26222977,24687971
9,15,df,iso -> df -> ss,66,116,2262418.037422918,457.3332239585005,38461.10663618961,24687971.0,72068.29781900228,0.29727735390877713,20539.166462782,,26363258,24783058,26222977,24687971
9,15,ss,iso -> df -> ss,66,116,2264090.2909035683,457.69688250601155,38489.53494536066,24685230.879816685,72068.29781900228,0.29702471832981375,,2740.120183316156,26363258,24783058,26222977,24687971
9,15,df+ss,iso -> df -> ss,66,116,2262166.1962695606,457.30791740193865,38456.82533658253,24685230.879816685,72068.29781900228,0.29727735390877713,20539.166462782,2740.120183316156,26363258,24783058,26222977,24687971
10,2,none,iso -> df -> ss,66,116,2241176.4387996867,510.08289537276426,38099.99945959468,19472105.0,55903.653159370326,0.23670483741235793,,,26363258,24783058,20685045,19472105
10,2,df,iso -> df -> ss,66,116,2239544.210953522,509.7114067691603,38072.25158620987,19472105.0,55903.653159370326,0.23687735297380866,14025.442689408534,,26363258,24783058,20685045,19472105
10,2,ss,iso -> df -> ss,66,116,2241028.4898650805,510.0661551977725,38097.48432770637,19470823.259636484,55903.653159370326,0.23670483741235793,,1281.7403635167811,26363258,24783058,20685045,19472105
10,2,df+ss,iso -> df -> ss,66,116,2239396.369768741,509.6946787858814,38069.7382860686,19470823.259636484,55903.653159370326,0.23687735297380866,14025.442689408534,1281.7403635167811,26363258,24783058,20685045,19472105
10,3,none,iso -> df -> ss,66,116,2251608.2819565246,480.9781265288589,38277.34079326092,22105223.0,63760.71768416554,0.2674647052262413,,,26363258,24783058,23476173,22105223
10,3,df,iso -> df -> ss,66,116,2249903.5623183004,480.61397221994974,38248.36055941111,22105223.0,63760.71768416554,0.2676673593946987,16475.698780837032,,26363258,24783058,23476173,22105223
10,3,ss,iso -> df -> ss,66,116,2251441.4760635165,480.96041253461976,38274.50509307978,22103590.102382477,63760.71768416554,0.2674647052262413,,1632.8976175237804,26363258,24783058,23476173,22105223
10,3,df+ss,iso -> df -> ss,66,116,2249736.882716035,480.5962716371881,38245.5270061726,22103590.102382477,63760.71768416554,0.2676673593946987,16475.698780837032,1632.8976175237804,26363258,24783058,23476173,22105223
10,4,none,iso -> df -> ss,66,116,2254654.6144317146,468.70070564226626,38329.12844533915,23342738.0,67743.44916184244,0.2820515429697938,,,26363258,24783058,24788775,23342738
10,4,df,iso -> df -> ss,66,116,2252915.4071741737,468.33915684288485,38299.56192196096,23342738.0,67743.44916184244,0.282269281322939,17702.03666059686,,26363258,24783058,24788775,23342738
10,4,ss,iso -> df -> ss,66,116,2254470.9618640016,468.6817267601016,38326.00635168803,23340842.13866257,67743.44916184244,0.2820515429697938,,1895.861337431703,26363258,24783058,24788775,23342738
10,4,df+ss,iso -> df -> ss,66,116,2252731.8962733382,468.3201926007495,38296.442236646755,23340842.13866257,67743.44916184244,0.282269281322939,17702.03666059686,1895.861337431703,26363258,24783058,24788775,23342738
10,5,none,iso -> df -> ss,66,116,2255456.783504076,463.08069227187485,38342.76531956929,23930553.0,69708.03847856067,0.28904816951248846,,,26363258,24783058,25413480,23930553
10,5,df,iso -> df -> ss,66,116,2253680.739774575,462.7160426072137,38312.572576167775,23930553.0,69708.03847856067,0.28927595784999616,18519.096168275835,,26363258,24783058,25413480,23930553
10,5,ss,iso -> df -> ss,66,116,2255254.237385024,463.06001964615655,38339.32203554541,23928410.23159069,69708.03847856067,0.28904816951248846,,2142.768409310745,26363258,24783058,25413480,23930553
10,5,df+ss,iso -> df -> ss,66,116,2253478.3531490527,462.6953862600105,38309.1320035339,23928410.23159069,69708.03847856067,0.28927595784999616,18519.096168275835,2142.768409310745,26363258,24783058,25413480,23930553
10,6,none,iso -> df -> ss,66,116,2255849.4839442824,460.31771519073135,38349.441227052805,24227734.0,70775.721345716,0.2925843178698509,,,26363258,24783058,25729532,24227734
10,6,df,iso -> df -> ss,66,116,2254037.562790181,459.94798333951616,38318.63856743308,24227734.0,70775.721345716,0.2928195134689209,19121.303422240337,,26363258,24783058,25729532,24227734
10,6,ss,iso -> df -> ss,66,116,2255631.8635795405,460.2956407284902,38345.74168085219,24225403.593601402,70775.721345716,0.2925843178698509,,2330.4063985985267,26363258,24783058,25729532,24227734
10,6,df+ss,iso -> df -> ss,66,116,2253820.1172203203,459.92592660770663,38314.94199274545,24225403.593601402,70775.721345716,0.2928195134689209,19121.303422240337,2330.4063985985267,26363258,24783058,25729532,24227734
10,7,none,iso -> df -> ss,66,116,2256364.3131462364,458.88760915856017,38358.19332348602,24390222.0,71288.4378578889,0.29447892470168047,,,26363258,24783058,25902605,24390222
10,7,df,iso -> df -> ss,66,116,2254524.4701141496,458.513431475771,38326.91599194054,24390222.0,71288.4378578889,0.2947192392358054,19537.470692254137,,26363258,24783058,25902605,24390222
10,7,ss,iso -> df -> ss,66,116,2256135.4814142697,458.8644749011125,38354.30318404259,24387755.66792136,71288.4378578889,0.29447892470168047,,2466.3320786376125,26363258,24783058,25902605,24390222
10,7,df+ss,iso -> df -> ss,66,116,2254295.824971939,458.4903160820334,38323.02902452296,24387755.66792136,71288.4378578889,0.2947192392358054,19537.470692254137,2466.3320786376125,26363258,24783058,25902605,24390222
10,8,none,iso -> df -> ss,66,116,2257038.525798174,458.12121931181656,38369.654938568965,24486585.0,71591.14662383858,0.2955538096345941,,,26363258,24783058,26005619,24486585
10,8,df,iso -> df -> ss,66,116,2255170.9580182456,457.74215071431195,38337.90628631018,24486585.0,71591.14662383858,0.29579856570071233,19898.56537786666,,26363258,24783058,26005619,24486585
10,8,ss,iso -> df -> ss,66,116,2256800.432430239,458.09719612411095,38365.607351314065,24484009.479888927,71591.14662383858,0.2955538096345941,,2575.5201110720245,26363258,24783058,26005619,24486585
10,8,df+ss,iso -> df -> ss,66,116,2254933.06165869,457.71814740439345,38333.862048197734,24484009.479888927,71591.14662383858,0.29579856570071233,19898.56537786666,2575.5201110720245,26363258,24783058,26005619,24486585
10,9,none,iso -> df -> ss,66,116,2257893.435519419,457.71218572700934,38384.18840383013,24548974.0,71779.60307061572,0.29619458238114,,,26363258,24783058,26072299,24548974
10,9,df,iso -> df -> ss,66,116,2256003.2677602707,457.32901759213604,38352.055551924605,24548974.0,71779.60307061572,0.29644274578500207,20175.580505356003,,26363258,24783058,26072299,24548974
10,9,ss,iso -> df -> ss,66,116,2257647.5609293752,457.6874089542943,38380.00853579938,24546308.541992504,71779.60307061572,0.29619458238114,,2665.458007497204,26363258,24783058,26072299,24548974
10,9,df+ss,iso -> df -> ss,66,116,2255757.59900112,457.30426156099196,38347.87918301904,24546308.541992504,71779.60307061572,0.29644274578500207,20175.580505356003,2665.458007497204,26363258,24783058,26072299,24548974
10,10,none,iso -> df -> ss,66,116,2258989.4753374243,457.5295785314858,38402.82108073622,24592344.0,71877.14357550218,0.2965742506308928,,,26363258,24783058,26118889,24592344
10,10,df,iso -> df -> ss,66,116,2257078.9220103514,457.14262026185196,38370.34167417598,24592344.0,71877.14357550218,0.29682529232719396,20409.584471771115,,26363258,24783058,26118889,24592344
10,10,ss,iso -> df -> ss,66,116,2258739.6674921303,457.5044275862312,38398.574347366215,24589632.431372575,71877.14357550218,0.2965742506308928,,2711.5686274261966,26363258,24783058,26118889,24592344
10,10,df+ss,iso -> df -> ss,66,116,2256829.325441478,457.1174905881538,38366.09853250512,24589632.431372575,71877.14357550218,0.29682529232719396,20409.584471771115,2711.5686274261966,26363258,24783058,26118889,24592344
10,11,none,iso -> df -> ss,66,116,2260321.016120427,457.5017039657323,38425.45727404726,24624256.0,71940.99305401747,0.2967845160461777,,,26363258,24783058,26153271,24624256
10,11,df,iso -> df -> ss,66,116,2258393.9700548565,457.11165898878824,38392.697490932565,24624256.0,71940.99305401747,0.2970377568188473,20588.36845691444,,26363258,24783058,26153271,24624256
10,11,ss,iso -> df -> ss,66,116,2260066.7972423304,457.4761254757518,38421.13555311962,24621494.594902575,71940.99305401747,0.2967845160461777,,2761.4050974264956,26363258,24783058,26153271,24624256
10,11,df+ss,iso -> df -> ss,66,116,2258139.96791212,457.08610230585555,38388.37945450604,24621494.594902575,71940.99305401747,0.2970377568188473,20588.36845691444,2761.4050974264956,26363258,24783058,26153271,24624256
10,12,none,iso -> df -> ss,66,116,2261659.9479561443,457.54530933222367,38448.219115254455,24648688.0,71995.45437310377,0.29690331318576735,,,26363258,24783058,26179719,24648688
10,12,df,iso -> df -> ss,66,116,2259720.453841991,457.152939809471,38415.247715313846,24648688.0,71995.45437310377,0.2971581421525174,20717.48796861469,,26363258,24783058,26179719,24648688
10,12,ss,iso -> df -> ss,66,116,2261401.44686316,457.51931285569844,38443.82459667372,24645878.95618653,71995.45437310377,0.29690331318576735,,2809.043813471785,26363258,24783058,26179719,24648688
10,12,df+ss,iso -> df -> ss,66,116,2259462.1744274907,457.12696562631186,38410.85696526735,24645878.95618653,71995.45437310377,0.2971581421525174,20717.48796861469,2809.043813471785,26363258,24783058,26179719,24648688
10,13,none,iso -> df -> ss,66,116,2262957.6716725123,457.62793207809426,38470.28041843271,24668006.0,72029.65363910155,0.29696587791345025,,,26363258,24783058,26200887,24668006
10,13,df,iso -> df -> ss,66,116,2261005.3584304107,457.23312439656513,38437.09109331699,24668006.0,72029.65363910155,0.2972222994268894,20846.9613455637,,26363258,24783058,26200887,24668006
10,13,ss,iso -> df -> ss,66,116,2262696.676947983,457.60169508731894,38465.843508115715,24665169.26109348,72029.65363910155,0.29696587791345025,,2836.738906520536,26363258,24783058,26200887,24668006
10,13,df+ss,iso -> df -> ss,66,116,2260744.588872911,457.2069100411334,38432.65801083949,24665169.26109348,72029.65363910155,0.2972222994268894,20846.9613455637,2836.738906520536,26363258,24783058,26200887,24668006
10,14,none,iso -> df -> ss,66,116,2264095.013984086,457.712222290984,38489.615237729464,24683658.0,72056.6167450551,0.2970052586451531,,,26363258,24783058,26218299,24683658
10,14,df,iso -> df -> ss,66,116,2262134.4110029214,457.31586438992576,38456.284987049665,24683658.0,72056.6167450551,0.29726267455849975,20927.8056404042,,26363258,24783058,26218299,24683658
10,14,ss,iso -> df -> ss,66,116,2263831.4927654387,457.68573970294017,38485.13537701246,24680793.42093008,72056.6167450551,0.2970052586451531,,2864.5790699191793,26363258,24783058,26218299,24683658
10,14,df+ss,iso -> df -> ss,66,116,2261871.117981626,457.2894047345949,38451.809005687646,24680793.42093008,72056.6167450551,0.29726267455849975,20927.8056404042,2864.5790699191793,26363258,24783058,26218299,24683658
10,15,none,iso -> df -> ss,66,116,2265123.745030039,457.79917515734684,38507.103665510665,24696640.0,72071.30335617512,0.2970267849082332,,,26363258,24783058,26232946,24696640
10,15,df,iso -> df -> ss,66,116,2263153.362960522,457.40094557357736,38473.607170328876,24696640.0,72071.30335617512,0.29728538702540647,21024.243513298876,,26363258,24783058,26232946,24696640
10,15,ss,iso -> df -> ss,66,116,2264858.1813488905,457.7724943089914,38502.58908293114,24693753.009333767,72071.30335617512,0.2970267849082332,,2886.990666231435,26363258,24783058,26232946,24696640
10,15,df+ss,iso -> df -> ss,66,116,2262888.0302874665,457.3742879343138,38469.096514886936,24693753.009333767,72071.30335617512,0.29728538702540647,21024.243513298876,2886.990666231435,26363258,24783058,26232946,24696640
11,2,none,iso -> df -> ss,66,116,2241449.008418621,510.11331583539396,38104.63314311656,19474499.0,55903.95891378254,0.2367052313248597,,,26363258,24783058,20687790,19474499
11,2,df,iso -> df -> ss,66,116,2239807.552160354,509.739750034183,38076.72838672602,19474499.0,55903.95891378254,0.23687870215852483,14103.105919221503,,26363258,24783058,20687790,19474499
11,2,ss,iso -> df -> ss,66,116,2241297.7710501226,510.09620462235006,38102.062107852085,19473188.76844759,55903.95891378254,0.2367052313248597,,1310.2315524091996,26363258,24783058,20687790,19474499
11,2,df+ss,iso -> df -> ss,66,116,2239656.4255458917,509.72265135200985,38074.15923428016,19473188.76844759,55903.95891378254,0.23687870215852483,14103.105919221503,1310.2315524091996,26363258,24783058,20687790,19474499
11,3,none,iso -> df -> ss,66,116,2251921.927221196,481.01101139171817,38282.67276276033,22108335.0,63761.82361625781,0.26746519728034235,,,26363258,24783058,23479745,22108335
11,3,df,iso -> df -> ss,66,116,2250202.9605293786,480.64383973403994,38253.45032899944,22108335.0,63761.82361625781,0.2676695183008947,16611.213156074053,,26363258,24783058,23479745,22108335
11,3,ss,iso -> df -> ss,66,116,2251750.576721305,480.9928160502196,38279.75980426219,22106657.611193582,63761.82361625781,0.26746519728034235,,1677.3888064161988,26363258,24783058,23479745,22108335
11,3,df+ss,iso -> df -> ss,66,116,2250031.7408270077,480.62565828164895,38250.53959405913,22106657.611193582,63761.82361625781,0.2676695183008947,16611.213156074053,1677.3888064161988,26363258,24783058,23479745,22108335
11,4,none,iso -> df -> ss,66,116,2255002.0993879735,468.73618080867794,38335.035689595556,23346372.0,67744.85870332363,0.2820520939392819,,,26363258,24783058,24792954,23346372
11,4,df,iso -> df -> ss,66,116,2253243.807336434,468.3706932992834,38305.14472471938,23346372.0,67744.85870332363,0.2822721899418888,17893.712571620286,,26363258,24783058,24792954,23346372
11,4,ss,iso -> df -> ss,66,116,2254812.296783486,468.7165678836996,38331.80904531926,23344412.647473674,67744.85870332363,0.2820520939392819,,1959.3525263241215,26363258,24783058,24792954,23346372
11,4,df+ss,iso -> df -> ss,66,116,2253054.15272667,468.3510956670846,38301.92059635339,23344412.647473674,67744.85870332363,0.2822721899418888,17893.712571620286,1959.3525263241215,26363258,24783058,24792954,23346372
11,5,none,iso -> df -> ss,66,116,2255833.217833839,463.11864997726695,38349.164703175265,23934588.0,69709.88232963155,0.28904878474823553,,,26363258,24783058,25418147,23934588
11,5,df,iso -> df -> ss,66,116,2254033.4372477247,462.74915814218485,38318.56843321132,23934588.0,69709.88232963155,0.28927958185294267,18763.70767790891,,26363258,24783058,25418147,23934588
11,5,ss,iso -> df -> ss,66,116,2255623.536323515,463.0972508692741,38345.60011749976,23932369.740401797,69709.88232963155,0.28904878474823553,,2218.2595982031635,26363258,24783058,25418147,23934588
11,5,df+ss,iso -> df -> ss,66,116,2253823.923028453,462.7277761071293,38315.0066914837,23932369.740401797,69709.88232963155,0.28927958185294267,18763.70767790891,2218.2595982031635,26363258,24783058,25418147,23934588
11,6,none,iso -> df -> ss,66,116,2256251.0255386056,460.3579680653887,38356.267434156296,24232089.0,70777.56519678689,0.29258496226584485,,,26363258,24783058,25734586,24232089
11,6,df,iso -> df -> ss,66,116,2254412.0982179935,459.98275944048186,38325.00566970589,24232089.0,70777.56519678689,0.2928236242572067,19403.11965968019,,26363258,24783058,25734586,24232089
11,6,ss,iso -> df -> ss,66,116,2256025.1420977516,460.33505746582557,38352.42741566178,24229670.10241251,70777.56519678689,0.29258496226584485,,2418.8975874909456,26363258,24783058,25734586,24232089
11,6,df+ss,iso -> df -> ss,66,116,2254186.3988804263,459.95986751389745,38321.16878096725,24229670.10241251,70777.56519678689,0.2928236242572067,19403.11965968019,2418.8975874909456,26363258,24783058,25734586,24232089
11,7,none,iso -> df -> ss,66,116,2256784.23002056,458.92957266880836,38365.33191034952,24394806.0,71290.77558401847,0.29447960060135464,,,26363258,24783058,25907933,24394806
11,7,df,iso -> df -> ss,66,116,2254914.7447546828,458.549402485604,38333.55066082961,24394806.0,71290.77558401847,0.29472374520846506,19848.85401734065,,26363258,24783058,25907933,24394806
11,7,ss,iso -> df -> ss,66,116,2256546.260604974,458.9055168476611,38361.286430284556,24392241.17673247,71290.77558401847,0.29447960060135464,,2564.8232675300314,26363258,24783058,25907933,24394806
11,7,df+ss,iso -> df -> ss,66,116,2254676.972469292,458.5253665919281,38329.50853197797,24392241.17673247,71290.77558401847,0.29472374520846506,19848.85401734065,2564.8232675300314,26363258,24783058,25907933,24394806
11,8,none,iso -> df -> ss,66,116,2257475.1180921975,458.16476444074533,38377.07700756736,24491368.0,71593.48434996814,0.2955545107152138,,,26363258,24783058,26011184,24491368
11,8,df,iso -> df -> ss,66,116,2255575.579095266,457.77924442765624,38344.78484461952,24491368.0,71593.48434996814,0.2958034127356231,20235.629720427663,,26363258,24783058,26011184,24491368
11,8,ss,iso -> df -> ss,66,116,2257227.3656478827,458.1397690784888,38372.86521601401,24488687.988700036,71593.48434996814,0.2955545107152138,,2680.011299964443,26363258,24783058,26011184,24491368
11,8,df+ss,iso -> df -> ss,66,116,2255328.03512077,457.75427009759846,38340.57659705309,24488687.988700036,71593.48434996814,0.2958034127356231,20235.629720427663,2680.011299964443,26363258,24783058,26011184,24491368
11,9,none,iso -> df -> ss,66,116,2258345.899814407,457.7572554918907,38391.880296844916,24553943.0,71782.45749370773,0.2961953216676791,,,26363258,24783058,26078092,24553943
11,9,df,iso -> df -> ss,66,116,2256422.2877314193,457.36734737913804,38359.17889143413,24553943.0,71782.45749370773,0.2964478297654683,20528.802296860566,,26363258,24783058,26078092,24553943
11,9,ss,iso -> df -> ss,66,116,2258090.018117075,457.7314728782162,38387.53030799027,24551169.05080361,71782.45749370773,0.2961953216676791,,2773.9491963896226,26363258,24783058,26078092,24553943
11,9,df+ss,iso -> df -> ss,66,116,2256166.623988797,457.34158672655775,38354.83260780955,24551169.05080361,71782.45749370773,0.2964478297654683,20528.802296860566,2773.9491963896226,26363258,24783058,26078092,24553943
11,10,none,iso -> df -> ss,66,116,2259459.004478682,457.5763016907257,38410.80307613759,24597510.0,71880.92839915304,0.2965750445719557,,,26363258,24783058,26124916,24597510
11,10,df,iso -> df -> ss,66,116,2257513.4056178443,457.18228704848127,38377.727895503354,24597510.0,71880.92839915304,0.29683064264168857,20780.01571809403,,26363258,24783058,26124916,24597510
11,10,ss,iso -> df -> ss,66,116,2259198.92601531,457.550119402073,38406.38174226027,24594686.94018368,71880.92839915304,0.2965750445719557,,2823.059816318615,26363258,24783058,26124916,24597510
11,10,df+ss,iso -> df -> ss,66,116,2257253.5511055873,457.1561273051507,38373.310368794984,24594686.94018368,71880.92839915304,0.29683064264168857,20780.01571809403,2823.059816318615,26363258,24783058,26124916,24597510
11,11,none,iso -> df -> ss,66,116,2260808.9679054306,457.55022931780417,38433.75245439232,24629628.0,71944.77787766836,0.2967853369963163,,,26363258,24783058,26159527,24629628
11,11,df,iso -> df -> ss,66,116,2258845.4688194906,457.15284967636126,38400.37296993134,24629628.0,71944.77787766836,0.2970433173433373,20973.693861054955,,26363258,24783058,26159527,24629628
11,11,ss,iso -> df -> ss,66,116,2260544.301599284,457.523602516696,38429.25312718783,24626753.10371368,71944.77787766836,0.2967853369963163,,2874.8962863189145,26363258,24783058,26159527,24629628
11,11,df+ss,iso -> df -> ss,66,116,2258581.0323744505,457.1262460004708,38395.87755036566,24626753.10371368,71944.77787766836,0.2970433173433373,20973.693861054955,2874.8962863189145,26363258,24783058,26159527,24629628
11,12,none,iso -> df -> ss,66,116,2262159.7929989873,457.5950007965545,38456.71648098279,24654192.0,71999.23919675467,0.29690414135621096,,,26363258,24783058,26186128,24654192
11,12,df,iso -> df -> ss,66,116,2260183.2602543994,457.1951831065605,38423.115424324795,24654192.0,71999.23919675467,0.29716378435406604,21108.866675560654,,26363258,24783058,26186128,24654192
11,12,ss,iso -> df -> ss,66,116,2261890.664627896,457.567938558032,38452.141298674236,24651267.464997634,71999.23919675467,0.29690414135621096,,2924.5350023642036,26363258,24783058,26186128,24654192
11,12,df+ss,iso -> df -> ss,66,116,2259914.3670307277,457.1681445133175,38418.54423952237,24651267.464997634,71999.23919675467,0.29716378435406604,21108.866675560654,2924.5350023642036,26363258,24783058,26186128,24654192
11,13,none,iso -> df -> ss,66,116,2263465.918098498,457.67843425701227,38478.920607674474,24673604.0,72033.43846275244,0.296966724209869,,,26363258,24783058,26207413,24673604
11,13,df,iso -> df -> ss,66,116,2261475.9305971074,457.2760538383168,38445.09082015083,24673604.0,72033.43846275244,0.2972280403094618,21244.889144134562,,26363258,24783058,26207413,24673604
11,13,ss,iso -> df -> ss,66,116,2263194.298358342,457.65113222542925,38474.30307209182,24670651.769904587,72033.43846275244,0.296966724209869,,2952.2300954129546,26363258,24783058,26207413,24673604
11,13,df+ss,iso -> df -> ss,66,116,2261204.549658819,457.24877581005586,38440.47734419993,24670651.769904587,72033.43846275244,0.2972280403094618,21244.889144134562,2952.2300954129546,26363258,24783058,26207413,24673604
11,14,none,iso -> df -> ss,66,116,2264609.2183857914,457.7632838220765,38498.35671255846,24689324.0,72060.40156870599,0.29700613469977033,,,26363258,24783058,26224909,24689324
11,14,df,iso -> df -> ss,66,116,2262610.438440786,457.3592547013634,38464.37745349337,24689324.0,72060.40156870599,0.2972685085912258,21330.887178294215,,26363258,24783058,26224909,24689324
11,14,ss,iso -> df -> ss,66,116,2264335.07359498,457.735736739633,38493.69625111466,24686343.92974119,72060.40156870599,0.29700613469977033,,2980.070258811598,26363258,24783058,26224909,24689324
11,14,df+ss,iso -> df -> ss,66,116,2262336.5356145073,457.33173193241095,38459.721105446624,24686343.92974119,72060.40156870599,0.2972685085912258,21330.887178294215,2980.070258811598,26363258,24783058,26224909,24689324
11,15,none,iso -> df -> ss,66,116,2265641.820704044,457.85060746125555,38515.91095196875,24702349.0,72075.088179826,0.29702766670881964,,,26363258,24783058,26239617,24702349
11,15,df,iso -> df -> ss,66,116,2263632.3920464073,457.44453350766696,38481.750664788924,24702349.0,72075.088179826,0.29729133845503286,21436.402225001584,,26363258,24783058,26239617,24702349
11,15,ss,iso -> df -> ss,66,116,2265365.450259895,457.82284403987006,38511.21265441822,24699344.518144876,72075.088179826,0.29702766670881964,,3004.481855123853,26363258,24783058,26239617,24702349
11,15,df+ss,iso -> df -> ss,66,116,2263356.266718978,457.41679471003886,38477.05653422263,24699344.518144876,72075.088179826,0.29729133845503286,21436.402225001584,3004.481855123853,26363258,24783058,26239617,24702349
12,2,none,iso -> df -> ss,66,116,2241626.809567498,510.13311509195916,38107.65576264747,19476065.0,55904.51680709518,0.23670553698688226,,,26363258,24783058,20689649,19476065
12,2,df,iso -> df -> ss,66,116,2239977.269113917,509.7577246806454,38079.61357493659,19476065.0,55904.51680709518,0.23687984918380955,14171.508399065955,,26363258,24783058,20689649,19476065
12,2,ss,iso -> df -> ss,66,116,2241472.686698768,510.11567810302614,38105.03567387906,19474729.76844759,55904.51680709518,0.23670553698688226,,1335.2315524091996,26363258,24783058,20689649,19476065
12,2,df+ss,iso -> df -> ss,66,116,2239823.2596592065,509.740300523027,38076.99541420651,19474729.76844759,55904.51680709518,0.23687984918380955,14171.508399065955,1335.2315524091996,26363258,24783058,20689649,19476065
12,3,none,iso -> df -> ss,66,116,2252120.828317793,481.03182143011185,38286.054081402486,22110312.0,63762.38150957046,0.2674655534021832,,,26363258,24783058,23482108,22110312
12,3,df,iso -> df -> ss,66,116,2250390.7151926314,480.66228554313267,38256.642158274735,22110312.0,63762.38150957046,0.26767118243422006,16717.553940405036,,26363258,24783058,23482108,22110312
12,3,ss,iso -> df -> ss,66,116,2251945.4940796783,481.01320388609616,38283.07339935454,22108595.611193582,63762.38150957046,0.2674655534021832,,1716.3888064161988,26363258,24783058,23482108,22110312
12,3,df+ss,iso -> df -> ss,66,116,2250215.5156489178,480.64368230139456,38253.663766031605,22108595.611193582,63762.38150957046,0.26767118243422006,16717.553940405036,1716.3888064161988,26363258,24783058,23482108,22110312
12,4,none,iso -> df -> ss,66,116,2255224.8372005937,468.7588416620971,38338.82223241009,23348708.0,67745.41659663626,0.2820525312469774,,,26363258,24783058,24795751,23348708
12,4,df,iso -> df -> ss,66,116,2253451.6251987843,468.39027140237033,38308.67762837934,23348708.0,67745.41659663626,0.28227447474376915,18043.91307290105,,26363258,24783058,24795751,23348708
12,4,ss,iso -> df -> ss,66,116,2255029.9976548706,468.7387092468511,38335.509960132804,23346696.647473674,67745.41659663626,0.2820525312469774,,2011.3525263241215,26363258,24783058,24795751,23348708
12,4,df+ss,iso -> df -> ss,66,116,2253256.9388492377,468.37015481660603,38305.36796043704,23346696.647473674,67745.41659663626,0.28227447474376915,18043.91307290105,2011.3525263241215,26363258,24783058,24795751,23348708
12,5,none,iso -> df -> ss,66,116,2256076.3418768756,463.1430774641826,38353.29781190689,23937201.0,69710.4402229442,0.28904927386752327,,,26363258,24783058,25421271,23937201
12,5,df,iso -> df -> ss,66,116,2254256.869274221,462.7695634456569,38322.36677766176,23937201.0,69710.4402229442,0.28928257347139164,18967.159808660595,,26363258,24783058,25421271,23937201
12,5,ss,iso -> df -> ss,66,116,2255860.989216851,463.12110076803185,38349.63681668647,23934922.740401797,69710.4402229442,0.28904927386752327,,2278.2595982031635,26363258,24783058,25421271,23937201
12,5,df+ss,iso -> df -> ss,66,116,2254041.690291061,462.7476044731956,38318.70873494804,23934922.740401797,69710.4402229442,0.28928257347139164,18967.159808660595,2278.2595982031635,26363258,24783058,25421271,23937201
12,6,none,iso -> df -> ss,66,116,2256507.9750388763,460.383623161887,38360.6355756609,24234886.0,70778.6251971488,0.2925854994868258,,,26363258,24783058,25737946,24234886
12,6,df,iso -> df -> ss,66,116,2254647.5456033996,460.00404938966176,38329.008275257795,24234886.0,70778.6251971488,0.29282692732183285,19627.981586384238,,26363258,24783058,25737946,24234886
12,6,ss,iso -> df -> ss,66,116,2256275.3684631814,460.3600319979284,38356.68126387409,24232395.10241251,70778.6251971488,0.2925854994868258,,2490.8975874909456,26363258,24783058,25737946,24234886
12,6,df+ss,iso -> df -> ss,66,116,2254415.130805498,459.980477675976,38325.05722369347,24232395.10241251,70778.6251971488,0.29282692732183285,19627.981586384238,2490.8975874909456,26363258,24783058,25737946,24234886
12,7,none,iso -> df -> ss,66,116,2257052.9309974974,458.9563179961116,38369.89982695746,24397749.0,71291.83558438039,0.29448015615675177,,,26363258,24783058,25911474,24397749
12,7,df,iso -> df -> ss,66,116,2255159.925964936,458.5713883350653,38337.718741403914,24397749.0,71291.83558438039,0.2947273459064346,20096.422829520496,,26363258,24783058,25911474,24397749
12,7,ss,iso -> df -> ss,66,116,2256808.188958112,458.93157901488354,38365.73921228791,24395111.17673247,71291.83558438039,0.29448015615675177,,2637.8232675300314,26363258,24783058,25911474,24397749
12,7,df+ss,iso -> df -> ss,66,116,2254915.3891922976,458.5466701025824,38333.561616269064,24395111.17673247,71291.83558438039,0.2947273459064346,20096.422829520496,2637.8232675300314,26363258,24783058,25911474,24397749
12,8,none,iso -> df -> ss,66,116,2257754.896691441,458.19257034399516,38381.8332437545,24494442.0,71594.54435033006,0.29555507334593767,,,26363258,24783058,26014890,24494442
12,8,df,iso -> df -> ss,66,116,2255829.971485973,457.8019227901327,38349.10951526154,24494442.0,71594.54435033006,0.29580727382978567,20503.793412635874,,26363258,24783058,26014890,24494442
12,8,ss,iso -> df -> ss,66,116,2257499.471835538,458.1668025151772,38377.49102120414,24491678.988700036,71594.54435033006,0.29555507334593767,,2763.011299964443,26363258,24783058,26014890,24494442
12,8,df+ss,iso -> df -> ss,66,116,2255574.764401159,457.77617693054765,38344.7709948197,24491678.988700036,71594.54435033006,0.29580727382978567,20503.793412635874,2763.011299964443,26363258,24783058,26014890,24494442
12,9,none,iso -> df -> ss,66,116,2258637.5559863765,457.7862077556146,38396.8384517684,24557154.0,71783.51749406963,0.29619590435745247,,,26363258,24783058,26081960,24557154
12,9,df,iso -> df -> ss,66,116,2256687.8509870498,457.3910367572761,38363.69346677985,24557154.0,71783.51749406963,0.2964518079974943,20804.858455870693,,26363258,24783058,26081960,24557154
12,9,ss,iso -> df -> ss,66,116,2258373.557287933,457.7596089847227,38392.35047389486,24554292.05080361,71783.51749406963,0.29619590435745247,,2861.9491963896226,26363258,24783058,26081960,24557154
12,9,df+ss,iso -> df -> ss,66,116,2256424.080178017,457.36446094702103,38359.20936302629,24554292.05080361,71783.51749406963,0.2964518079974943,20804.858455870693,2861.9491963896226,26363258,24783058,26081960,24557154
12,10,none,iso -> df -> ss,66,116,2259762.0794703546,457.60635955227224,38415.95535099603,24600851.0,71881.98839951496,0.29657565114558365,,,26363258,24783058,26128945,24600851
12,10,df,iso -> df -> ss,66,116,2257789.602230605,457.2069289497405,38382.42323792029,24600851.0,71881.98839951496,0.29683474912405367,21064.556828460714,,26363258,24783058,26128945,24600851
12,10,ss,iso -> df -> ss,66,116,2259493.525923355,457.5793258767851,38411.38994069704,24597935.94018368,71881.98839951496,0.29657565114558365,,2915.059816318615,26363258,24783058,26128945,24600851
12,10,df+ss,iso -> df -> ss,66,116,2257521.2830957877,457.17991887112225,38377.86181262839,24597935.94018368,71881.98839951496,0.29683474912405367,21064.556828460714,2915.059816318615,26363258,24783058,26128945,24600851
12,11,none,iso -> df -> ss,66,116,2261124.1450157394,457.58145525865456,38439.11046526757,24633106.0,71945.83787803024,0.2967859819921927,,,26363258,24783058,26163717,24633106
12,11,df,iso -> df -> ss,66,116,2259133.1255838675,457.1785346268563,38405.26313492575,24633106.0,71945.83787803024,0.29704754544348366,21264.998733309927,,26363258,24783058,26163717,24633106
12,11,ss,iso -> df -> ss,66,116,2260850.7334929584,457.55395055399197,38434.4624693803,24630136.10371368,71945.83787803024,0.2967859819921927,,2969.8962863189145,26363258,24783058,26163717,24633106
12,11,df+ss,iso -> df -> ss,66,116,2258859.9548119786,457.151054141298,38400.61923180364,24630136.10371368,71945.83787803024,0.29704754544348366,21264.998733309927,2969.8962863189145,26363258,24783058,26163717,24633106
12,12,none,iso -> df -> ss,66,116,2262486.8998865928,457.62739221425835,38462.27729807208,24657803.0,72000.29919711656,0.2969048100234334,,,26363258,24783058,26190467,24657803
12,12,df,iso -> df -> ss,66,116,2260481.386058896,457.22174210284135,38428.183563001236,24657803.0,72000.29919711656,0.29716822590718456,21415.600714297718,,26363258,24783058,26190467,24657803
12,12,ss,iso -> df -> ss,66,116,2262209.0298300507,457.5994529683378,38457.55350711086,24654783.464997634,72000.29919711656,0.2969048100234334,,3019.5350023642036,26363258,24783058,26190467,24657803
12,12,df+ss,iso -> df -> ss,66,116,2260203.7623119527,457.19382762282953,38423.4639593032,24654783.464997634,72000.29919711656,0.29716822590718456,21415.600714297718,3019.5350023642036,26363258,24783058,26190467,24657803
12,13,none,iso -> df -> ss,66,116,2263802.157298915,457.7117309762078,38484.63667408156,24677315.0,72034.49846311433,0.2969673923897101,,,26363258,24783058,26211871,24677315
12,13,df,iso -> df -> ss,66,116,2261783.144404997,457.30351249140824,38450.313454884956,24677315.0,72034.49846311433,0.29723248455638895,21551.881812281936,,26363258,24783058,26211871,24677315
12,13,ss,iso -> df -> ss,66,116,2263521.705715951,457.68354329321306,38479.86899717117,24674266.769904587,72034.49846311433,0.2969673923897101,,3048.2300954129546,26363258,24783058,26211871,24677315
12,13,df+ss,iso -> df -> ss,66,116,2261502.942947849,457.2753499481084,38445.55003011344,24674266.769904587,72034.49846311433,0.29723248455638895,21551.881812281936,3048.2300954129546,26363258,24783058,26211871,24677315
12,14,none,iso -> df -> ss,66,116,2264952.1729160077,457.7972399017938,38504.18693957214,24693109.0,72061.46156906789,0.29700680877112995,,,26363258,24783058,26229449,24693109
12,14,df,iso -> df -> ss,66,116,2262924.201353325,457.38734171714464,38469.71142300653,24693109.0,72061.46156906789,0.2972729782529671,21639.467082178642,,26363258,24783058,26229449,24693109
12,14,ss,iso -> df -> ss,66,116,2264669.1974655986,457.7688076281778,38499.37635691518,24690032.92974119,72061.46156906789,0.29700680877112995,,3076.070258811598,26363258,24783058,26229449,24693109
12,14,df+ss,iso -> df -> ss,66,116,2262641.4792708117,457.3589349009502,38464.9051476038,24690032.92974119,72061.46156906789,0.2972729782529671,21639.467082178642,3076.070258811598,26363258,24783058,26229449,24693109
12,15,none,iso -> df -> ss,66,116,2265989.1069268836,457.8849744261962,38521.814817757026,24706183.0,72076.14818018791,0.29702836023384466,,,26363258,24783058,26244223,24706183
12,15,df,iso -> df -> ss,66,116,2263949.9981351853,457.4729348121995,38487.14996829815,24706183.0,72076.14818018791,0.29729588961445613,21750.026281376864,,26363258,24783058,26244223,24706183
12,15,ss,iso -> df -> ss,66,116,2265703.81450117,457.8563169169421,38516.96484651989,24703081.518144876,72076.14818018791,0.29702836023384466,,3101.481855123853,26363258,24783058,26244223,24706183
12,15,df+ss,iso -> df -> ss,66,116,2263664.9624372255,457.44430309114483,38482.304361432834,24703081.518144876,72076.14818018791,0.29729588961445613,21750.026281376864,3101.481855123853,26363258,24783058,26244223,24706183
13,2,none,iso -> df -> ss,66,116,2241745.617729391,510.14637512012564,38109.67550139965,19477108.0,55904.51680709518,0.2367057041414413,,,26363258,24783058,20690891,19477108
13,2,df,iso -> df -> ss,66,116,2240090.3188431757,509.7696844198674,38081.53542033399,19477108.0,55904.51680709518,0.23688061614616288,14220.27252082184,,26363258,24783058,20690891,19477108
13,2,ss,iso -> df -> ss,66,116,2241589.878981144,510.1287557828228,38107.02794267945,19475758.76844759,55904.51680709518,0.2367057041414413,,1349.2315524091996,26363258,24783058,20690891,19477108
13,2,df+ss,iso -> df -> ss,66,116,2239934.695091998,509.7520780926355,38078.88981656397,19475758.76844759,55904.51680709518,0.23688061614616288,14220.27252082184,1349.2315524091996,26363258,24783058,20690891,19477108
13,3,none,iso -> df -> ss,66,116,2252255.5963531137,481.0459585210575,38288.34513800294,22111647.0,63762.38150957046,0.26746574414549357,,,26363258,24783058,23483717,22111647
13,3,df,iso -> df -> ss,66,116,2250517.7902363385,480.6747907856897,38258.80243401776,22111647.0,63762.38150957046,0.2676722759970614,16790.95278908222,,26363258,24783058,23483717,22111647
13,3,ss,iso -> df -> ss,66,116,2252078.219181817,481.0271246146527,38285.329726090895,22109910.611193582,63762.38150957046,0.26746574414549357,,1736.3888064161988,26363258,24783058,23483717,22111647
13,3,df+ss,iso -> df -> ss,66,116,2250340.549926566,480.65597141124016,38255.78934875163,22109910.611193582,63762.38150957046,0.2676722759970614,16790.95278908222,1736.3888064161988,26363258,24783058,23483717,22111647
13,4,none,iso -> df -> ss,66,116,2255371.2826148435,468.773788486032,38341.31180445234,23350238.0,67745.41659663626,0.2820527520438429,,,26363258,24783058,24797603,23350238
13,4,df,iso -> df -> ss,66,116,2253586.6349518793,468.40285353065275,38310.97279418195,23350238.0,67745.41659663626,0.28227611367412625,18159.206730149817,,26363258,24783058,24797603,23350238
13,4,ss,iso -> df -> ss,66,116,2255173.537126508,468.75335646600473,38337.95013115064,23348196.647473674,67745.41659663626,0.2820527520438429,,2041.3525263241215,26363258,24783058,24797603,23350238
13,4,df+ss,iso -> df -> ss,66,116,2253389.045937126,468.3824376782325,38307.61378093115,23348196.647473674,67745.41659663626,0.28227611367412625,18159.206730149817,2041.3525263241215,26363258,24783058,24797603,23350238
13,5,none,iso -> df -> ss,66,116,2256234.9493815033,463.1590766773496,38355.994139485556,23938898.0,69710.4402229442,0.28904950466626,,,26363258,24783058,25423329,23938898
13,5,df,iso -> df -> ss,66,116,2254402.0653514317,462.78282292095014,38324.835110974345,23938898.0,69710.4402229442,0.28928450898476443,19105.752392596056,,26363258,24783058,25423329,23938898
13,5,ss,iso -> df -> ss,66,116,2256016.1939934394,463.13675351412286,38352.275297888475,23936583.740401797,69710.4402229442,0.28904950466626,,2314.2595982031635,26363258,24783058,25423329,23938898
13,5,df+ss,iso -> df -> ss,66,116,2254183.487672368,462.7605178922574,38321.11929043026,23936583.740401797,69710.4402229442,0.28928450898476443,19105.752392596056,2314.2595982031635,26363258,24783058,25423329,23938898
13,6,none,iso -> df -> ss,66,116,2256674.976840441,460.40037171322416,38363.4746062875,24236694.0,70778.6251971488,0.292585737270992,,,26363258,24783058,25740147,24236694
13,6,df,iso -> df -> ss,66,116,2254798.28486809,460.0174943868351,38331.57084275753,24236694.0,70778.6251971488,0.29282925941132976,19798.247730158866,,26363258,24783058,25740147,24236694
13,6,ss,iso -> df -> ss,66,116,2256438.4483863795,460.37638367075687,38359.45362256846,24234161.10241251,70778.6251971488,0.292585737270992,,2532.8975874909456,26363258,24783058,25740147,24236694
13,6,df+ss,iso -> df -> ss,66,116,2254561.9531153943,459.9935262932604,38327.55320296171,24234161.10241251,70778.6251971488,0.29282925941132976,19798.247730158866,2532.8975874909456,26363258,24783058,25740147,24236694
13,7,none,iso -> df -> ss,66,116,2257228.6482806173,458.9738880727539,38372.8870207705,24399663.0,71291.83558438039,0.2944803997426176,,,26363258,24783058,25913810,24399663
13,7,df,iso -> df -> ss,66,116,2255317.065985418,458.5851962319574,38340.390121752105,24399663.0,71291.83558438039,0.2947299981369725,20292.244629727953,,26363258,24783058,25913810,24399663
13,7,ss,iso -> df -> ss,66,116,2256979.545701818,458.94870929278034,38368.65227693091,24396978.17673247,71291.83558438039,0.2944803997426176,,2684.8232675300314,26363258,24783058,25913810,24399663
13,7,df+ss,iso -> df -> ss,66,116,2255068.1743644583,458.56003877517145,38336.15896419579,24396978.17673247,71291.83558438039,0.2947299981369725,20292.244629727953,2684.8232675300314,26363258,24783058,25913810,24399663
13,8,none,iso -> df -> ss,66,116,2257937.3809189606,458.2107900792733,38384.93547562233,24496436.0,71594.54435033006,0.29555531548510083,,,26363258,24783058,26017327,24496436
13,8,df,iso -> df -> ss,66,116,2255992.2779795355,457.8160638294706,38351.86872565211,24496436.0,71594.54435033006,0.2958101414960425,20717.247662628142,,26363258,24783058,26017327,24496436
13,8,ss,iso -> df -> ss,66,116,2257677.3340572985,458.1845570235563,38380.514678974076,24493622.988700036,71594.54435033006,0.29555531548510083,,2813.011299964443,26363258,24783058,26017327,24496436
13,8,df+ss,iso -> df -> ss,66,116,2255732.455135563,457.78985337225174,38347.451737304575,24493622.988700036,71594.54435033006,0.2958101414960425,20717.247662628142,2813.011299964443,26363258,24783058,26017327,24496436
13,9,none,iso -> df -> ss,66,116,2258827.4940885874,457.80514697338475,38400.067399505984,24559234.0,71783.51749406963,0.2961961574591781,,,26363258,24783058,26084503,24559234
13,9,df,iso -> df -> ss,66,116,2256855.5478783553,457.40548514575005,38366.54431393204,24559234.0,71783.51749406963,0.29645496130275417,21040.643785120512,,26363258,24783058,26084503,24559234
13,9,ss,iso -> df -> ss,66,116,2258558.6066683396,457.77805677646603,38395.49631336178,24556319.05080361,71783.51749406963,0.2961961574591781,,2914.9491963896226,26363258,24783058,26084503,24559234
13,9,df+ss,iso -> df -> ss,66,116,2256586.895195612,457.378418598451,38361.97721832541,24556319.05080361,71783.51749406963,0.29645496130275417,21040.643785120512,2914.9491963896226,26363258,24783058,26084503,24559234
13,10,none,iso -> df -> ss,66,116,2259960.2689664187,457.62610531631896,38419.32457242912,24603024.0,71881.98839951496,0.2965759137191617,,,26363258,24783058,26131601,24603024
13,10,df,iso -> df -> ss,66,116,2257964.90753898,457.22205862077465,38385.40342816266,24603024.0,71881.98839951496,0.296837997570229,21307.30701655653,,26363258,24783058,26131601,24603024
13,10,ss,iso -> df -> ss,66,116,2259686.6487175873,457.5985628039053,38414.67302819899,24600053.94018368,71881.98839951496,0.2965759137191617,,2970.059816318615,26363258,24783058,26131601,24603024
13,10,df+ss,iso -> df -> ss,66,116,2257691.5288746124,457.1945404261632,38380.75599086841,24600053.94018368,71881.98839951496,0.296837997570229,21307.30701655653,2970.059816318615,26363258,24783058,26131601,24603024
13,11,none,iso -> df -> ss,66,116,2261330.620646134,457.6020267478211,38442.620550984284,24635370.0,71945.83787803024,0.29678623797014114,,,26363258,24783058,26166480,24635370
13,11,df,iso -> df -> ss,66,116,2259315.4408512516,457.1942357109952,38408.36249447128,24635370.0,71945.83787803024,0.29705095427285066,21521.324229437116,,26363258,24783058,26166480,24635370
13,11,ss,iso -> df -> ss,66,116,2261052.0539494883,457.57400471014563,38437.8849171413,24632344.10371368,71945.83787803024,0.29678623797014114,,3025.8962863189145,26363258,24783058,26166480,24635370
13,11,df+ss,iso -> df -> ss,66,116,2259037.122398703,457.1662386450967,38403.63108077795,24632344.10371368,71945.83787803024,0.29705095427285066,21521.324229437116,3025.8962863189145,26363258,24783058,26166480,24635370
13,12,none,iso -> df -> ss,66,116,2262701.2449326036,457.648739181536,38465.92116385426,24660154.0,72000.29919711656,0.29690507293817464,,,26363258,24783058,26193335,24660154
13,12,df,iso -> df -> ss,66,116,2260670.7284306227,457.23805159337127,38431.40238332059,24660154.0,72000.29919711656,0.2971717507177119,21680.791471713586,,26363258,24783058,26193335,24660154
13,12,ss,iso -> df -> ss,66,116,2262418.037727788,457.6202646335113,38461.106641372404,24657076.464997634,72000.29919711656,0.29690507293817464,,3077.5350023642036,26363258,24783058,26193335,24660154
13,12,df+ss,iso -> df -> ss,66,116,2260387.7753719985,457.20960259800836,38426.59218132398,24657076.464997634,72000.29919711656,0.2971717507177119,21680.791471713586,3077.5350023642036,26363258,24783058,26193335,24660154
13,13,none,iso -> df -> ss,66,116,2264023.9028182374,457.7338032663351,38488.40634791004,24679748.0,72034.49846311433,0.296967668102872,,,26363258,24783058,26214833,24679748
13,13,df,iso -> df -> ss,66,116,2261978.8661596756,457.32034367062255,38453.64072471449,24679748.0,72034.49846311433,0.2972361541514216,21827.80298294175,,26363258,24783058,26214833,24679748
13,13,ss,iso -> df -> ss,66,116,2263738.1152263414,457.7050806657227,38483.547958847805,24676641.769904587,72034.49846311433,0.296967668102872,,3106.2300954129546,26363258,24783058,26214833,24679748
13,13,df+ss,iso -> df -> ss,66,116,2261693.336712626,457.2916470144232,38448.786724114645,24676641.769904587,72034.49846311433,0.2972361541514216,21827.80298294175,3106.2300954129546,26363258,24783058,26214833,24679748
13,14,none,iso -> df -> ss,66,116,2265180.8843229054,457.81999606342896,38508.0750334894,24695619.0,72061.46156906789,0.29700709589605007,,,26363258,24783058,26232503,24695619
13,14,df,iso -> df -> ss,66,116,2263126.6916376716,457.40481929164173,38473.15375784042,24695619.0,72061.46156906789,0.297276683014662,21917.319516556992,,26363258,24783058,26232503,24695619
13,14,ss,iso -> df -> ss,66,116,2264892.4815927073,457.79101992902025,38503.17218707603,24692483.92974119,72061.46156906789,0.29700709589605007,,3135.070258811598,26363258,24783058,26232503,24695619
13,14,df+ss,iso -> df -> ss,66,116,2262838.5504471953,457.3758694344119,38468.25535760232,24692483.92974119,72061.46156906789,0.297276683014662,21917.319516556992,3135.070258811598,26363258,24783058,26232503,24695619
13,15,none,iso -> df -> ss,66,116,2266222.5256423657,457.9081913707006,38525.78293592022,24708745.0,72076.14818018791,0.2970286550070564,,,26363258,24783058,26247340,24708745
13,15,df,iso -> df -> ss,66,116,2264157.005827763,457.4908367500298,38490.66909907197,24708745.0,72076.14818018791,0.2972996249843339,22029.745345273797,,26363258,24783058,26247340,24708745
13,15,ss,iso -> df -> ss,66,116,2265931.7143546226,457.87898098648463,38520.839144028585,24705583.518144876,72076.14818018791,0.2970286550070564,,3161.481855123853,26363258,24783058,26247340,24708745
13,15,df+ss,iso -> df -> ss,66,116,2263866.4595962847,457.46165298924853,38485.729813136844,24705583.518144876,72076.14818018791,0.2972996249843339,22029.745345273797,3161.481855123853,26363258,24783058,26247340,24708745
14,2,none,iso -> df -> ss,66,116,2241832.393585561,510.1560419663317,38111.150690954535,19477871.0,55904.46758355873,0.23670584152874313,,,26363258,24783058,20691833,19477871
14,2,df,iso -> df -> ss,66,116,2240173.653327898,509.77857558350996,38082.952106574274,19477871.0,55904.46758355873,0.23688111075753007,14249.314687300808,,26363258,24783058,20691833,19477871
14,2,ss,iso -> df -> ss,66,116,2241675.500650981,510.1382923957701,38108.48351106668,19476511.76844759,55904.46758355873,0.23670584152874313,,1359.2315524091996,26363258,24783058,20691833,19477871
14,2,df+ss,iso -> df -> ss,66,116,2240016.8764789933,509.76083914592266,38080.28690014289,19476511.76844759,55904.46758355873,0.23688111075753007,14249.314687300808,1359.2315524091996,26363258,24783058,20691833,19477871
14,3,none,iso -> df -> ss,66,116,2252348.8289282606,481.0557208442944,38289.930091780436,22112572.0,63762.33228603402,0.26746589423275113,,,26363258,24783058,23484865,22112572
14,3,df,iso -> df -> ss,66,116,2250605.569487239,480.6833962219941,38260.29468128306,22112572.0,63762.33228603402,0.26767306622752174,16842.99616261192,,26363258,24783058,23484865,22112572
14,3,ss,iso -> df -> ss,66,116,2252170.2260222537,481.0367571823285,38286.89384237832,22110823.611193582,63762.33228603402,0.26746589423275113,,1748.3888064161988,26363258,24783058,23484865,22112572
14,3,df+ss,iso -> df -> ss,66,116,2250427.104815238,480.66444723740955,38257.260781859055,22110823.611193582,63762.33228603402,0.26767306622752174,16842.99616261192,1748.3888064161988,26363258,24783058,23484865,22112572
14,4,none,iso -> df -> ss,66,116,2255472.4361485527,468.7840886929771,38343.0314145254,23351297.0,67745.36737309983,0.2820529316685489,,,26363258,24783058,24798919,23351297
14,4,df,iso -> df -> ss,66,116,2253680.6888815756,468.4116866204639,38312.57171098679,23351297.0,67745.36737309983,0.2822771726499591,18230.697607440845,,26363258,24783058,24798919,23351297
14,4,ss,iso -> df -> ss,66,116,2255272.947130179,468.76347698507584,38339.640101213045,23349237.647473674,67745.36737309983,0.2820529316685489,,2059.3525263241218,26363258,24783058,24798919,23351297
14,4,df+ss,iso -> df -> ss,66,116,2253481.3583372748,468.39109128650307,38309.18309173367,23349237.647473674,67745.36737309983,0.2822771726499591,18230.697607440845,2059.3525263241218,26363258,24783058,24798919,23351297
14,5,none,iso -> df -> ss,66,116,2256342.8249200033,463.1699293377864,38357.82802364006,23940055.0,69710.39099940775,0.2890496961246632,,,26363258,24783058,25424776,23940055
14,5,df,iso -> df -> ss,66,116,2254501.425938155,462.7919368506139,38326.52424094864,23940055.0,69710.39099940775,0.2892857819439152,19193.677949142817,,26363258,24783058,25424776,23940055
14,5,ss,iso -> df -> ss,66,116,2256121.9901282187,463.147394517066,38354.07383217972,23937718.740401797,69710.39099940775,0.2890496961246632,,2336.2595982031635,26363258,24783058,25424776,23940055
14,5,df+ss,iso -> df -> ss,66,116,2254280.7713694093,462.76942042053673,38322.77311327996,23937718.740401797,69710.39099940775,0.2892857819439152,19193.677949142817,2336.2595982031635,26363258,24783058,25424776,23940055
14,6,none,iso -> df -> ss,66,116,2256789.895415973,460.41186764912186,38365.42822207154,24237941.0,70778.57597361234,0.2925859361583628,,,26363258,24783058,25741705,24237941
14,6,df,iso -> df -> ss,66,116,2254903.613067687,460.0270437093073,38333.36142215068,24237941.0,70778.57597361234,0.2928306914922643,19898.50584895388,,26363258,24783058,25741705,24237941
14,6,ss,iso -> df -> ss,66,116,2256550.8457953604,460.3876245322369,38361.36437852113,24235381.10241251,70778.57597361234,0.2925859361583628,,2559.8975874909456,26363258,24783058,25741705,24237941
14,6,df+ss,iso -> df -> ss,66,116,2254664.7632508227,460.00282085543546,38329.300975263985,24235381.10241251,70778.57597361234,0.2928306914922643,19898.50584895388,2559.8975874909456,26363258,24783058,25741705,24237941
14,7,none,iso -> df -> ss,66,116,2257349.2961638565,458.98592297190044,38374.93803478556,24400980.0,71291.78636084395,0.2944806019774153,,,26363258,24783058,25915458,24400980
14,7,df,iso -> df -> ss,66,116,2255426.3579562996,458.59493272085103,38342.248085257095,24400980.0,71291.78636084395,0.2947316711373234,20411.81725148097,,26363258,24783058,25915458,24400980
14,7,ss,iso -> df -> ss,66,116,2257097.2247424345,458.96044478465427,38370.65282062139,24398263.17673247,71291.78636084395,0.2944806019774153,,2716.8232675300314,26363258,24783058,25915458,24400980
14,7,df+ss,iso -> df -> ss,66,116,2255174.5012636166,458.5694762373703,38337.96652148149,24398263.17673247,71291.78636084395,0.2947316711373234,20411.81725148097,2716.8232675300314,26363258,24783058,25915458,24400980
14,8,none,iso -> df -> ss,66,116,2258063.6442813585,458.22336340204697,38387.0819527831,24497819.0,71594.49512679361,0.295555523815032,,,26363258,24783058,26019064,24497819
14,8,df,iso -> df -> ss,66,116,2256106.0078765363,457.8261050076666,38353.80213390112,24497819.0,71594.49512679361,0.29581197907513346,20849.704935040194,,26363258,24783058,26019064,24497819
14,8,ss,iso -> df -> ss,66,116,2257800.5469432343,458.1968233578954,38382.609298034986,24494972.988700036,71594.49512679361,0.295555523815032,,2846.011299964443,26363258,24783058,26019064,24497819
14,8,df+ss,iso -> df -> ss,66,116,2255843.138631596,457.7995879725019,38349.33335673714,24494972.988700036,71594.49512679361,0.29581197907513346,20849.704935040194,2846.011299964443,26363258,24783058,26019064,24497819
14,9,none,iso -> df -> ss,66,116,2258957.7932288274,457.81810843705256,38402.28248489007,24560664.0,71783.46827053318,0.2961963691844697,,,26363258,24783058,26086299,24560664
14,9,df,iso -> df -> ss,66,116,2256971.9356342177,457.4156389574037,38368.522905781705,24560664.0,71783.46827053318,0.2964569855439174,21188.000564230577,,26363258,24783058,26086299,24560664
14,9,ss,iso -> df -> ss,66,116,2258685.677452927,457.7906937719048,38397.65651669976,24557714.05080361,71783.46827053318,0.2961963691844697,,2949.9491963896226,26363258,24783058,26086299,24560664
14,9,df+ss,iso -> df -> ss,66,116,2256700.0590762356,457.38824839258274,38363.90100429601,24557714.05080361,71783.46827053318,0.2964569855439174,21188.000564230577,2949.9491963896226,26363258,24783058,26086299,24560664
14,10,none,iso -> df -> ss,66,116,2260095.1648246273,457.63951538765247,38421.61780201867,24604506.0,71881.9391759785,0.29657612888080026,,,26363258,24783058,26133462,24604506
14,10,df,iso -> df -> ss,66,116,2258085.5749323554,457.23259989190666,38387.45477385005,24604506.0,71881.9391759785,0.29684006767811794,21458.113367634796,,26363258,24783058,26133462,24604506
14,10,ss,iso -> df -> ss,66,116,2259818.23247932,457.61164030779815,38416.90995214844,24601499.986260645,71881.9391759785,0.29657612888080026,,3006.013739353519,26363258,24783058,26133462,24604506
14,10,df+ss,iso -> df -> ss,66,116,2257808.888824662,457.2047495975037,38382.75111001926,24601499.986260645,71881.9391759785,0.29684006767811794,21458.113367634796,3006.013739353519,26363258,24783058,26133462,24604506
14,11,none,iso -> df -> ss,66,116,2261469.8901269585,457.6158638226907,38444.988132158294,24636901.0,71945.7886544938,0.2967864584819076,,,26363258,24783058,26168402,24636901
14,11,df,iso -> df -> ss,66,116,2259439.154231362,457.20493774089044,38410.46562193316,24636901.0,71945.7886544938,0.29705320384366585,21686.285877895076,,26363258,24783058,26168402,24636901
14,11,ss,iso -> df -> ss,66,116,2261187.921628875,457.5875004536103,38440.19466769088,24633838.149790645,71945.7886544938,0.2967864584819076,,3062.850209353818,26363258,24783058,26168402,24636901
14,11,df+ss,iso -> df -> ss,66,116,2259157.438933002,457.1765998413119,38405.67646186103,24633838.149790645,71945.7886544938,0.29705320384366585,21686.285877895076,3062.850209353818,26363258,24783058,26168402,24636901
14,12,none,iso -> df -> ss,66,116,2262846.079517296,457.66312962485705,38468.38335179404,24661746.0,72000.24997358011,0.29690529234758883,,,26363258,24783058,26195330,24661746
14,12,df,iso -> df -> ss,66,116,2260799.6374765635,457.2492344521207,38433.59383710158,24661746.0,72000.24997358011,0.2971740465805178,21849.606260346947,,26363258,24783058,26195330,24661746
14,12,ss,iso -> df -> ss,66,116,2262559.379851009,457.63430485038606,38463.50945746716,24658630.511074603,72000.24997358011,0.29690529234758883,,3115.4889253991078,26363258,24783058,26195330,24661746
14,12,df+ss,iso -> df -> ss,66,116,2260513.1970918314,457.2204357458082,38428.72435056113,24658630.511074603,72000.24997358011,0.2971740465805178,21849.606260346947,3115.4889253991078,26363258,24783058,26195330,24661746
14,13,none,iso -> df -> ss,66,116,2264174.855197355,457.7488012335164,38490.97253835504,24681407.0,72034.4492395779,0.2969678894805344,,,26363258,24783058,26216911,24681407
14,13,df,iso -> df -> ss,66,116,2262113.7990472405,457.3321169920921,38455.93458380309,24681407.0,72034.4492395779,0.2972384627360701,21997.492034283277,,26363258,24783058,26216911,24681407
14,13,ss,iso -> df -> ss,66,116,2263885.575883955,457.71972866648656,38486.05479002724,24678262.815981552,72034.4492395779,0.2969678894805344,,3144.1840184478588,26363258,24783058,26216911,24681407
14,13,df+ss,iso -> df -> ss,66,116,2261824.7830619607,457.3030708895347,38451.02131205334,24678262.815981552,72034.4492395779,0.2972384627360701,21997.492034283277,3144.1840184478588,26363258,24783058,26216911,24681407
14,14,none,iso -> df -> ss,66,116,2265337.598534135,457.83556671219816,38510.7391750803,24697341.0,72061.41234553144,0.29700731894998716,,,26363258,24783058,26234662,24697341
14,14,df,iso -> df -> ss,66,116,2263266.9510350465,457.41707894603917,38475.53816759579,24697341.0,72061.41234553144,0.29727904892064466,22091.532487870747,,26363258,24783058,26234662,24697341
14,14,ss,iso -> df -> ss,66,116,2265045.7045495566,457.80624081592333,38505.776977342466,24694167.975818153,72061.41234553144,0.29700731894998716,,3173.024181846502,26363258,24783058,26234662,24697341
14,14,df+ss,iso -> df -> ss,66,116,2262975.3238581833,457.38777985530265,38470.58050558912,24694167.975818153,72061.41234553144,0.29727904892064466,22091.532487870747,3173.024181846502,26363258,24783058,26234662,24697341
14,15,none,iso -> df -> ss,66,116,2266383.331206642,457.92416510825916,38528.51663051292,24710512.0,72076.09895665146,0.2970288827588882,,,26363258,24783058,26249554,24710512
14,15,df,iso -> df -> ss,66,116,2264301.1293628314,457.50345492751217,38493.11919916813,24710512.0,72076.09895665146,0.29730202402942213,22206.270575074188,,26363258,24783058,26249554,24710512
14,15,ss,iso -> df -> ss,66,116,2266089.0289243865,457.89460511555666,38523.51349171457,24707312.56422184,72076.09895665146,0.2970288827588882,,3199.435778158758,26363258,24783058,26249554,24710512
14,15,df+ss,iso -> df -> ss,66,116,2264007.0974658835,457.47392209255946,38488.12065692002,24707312.56422184,72076.09895665146,0.29730202402942213,22206.270575074188,3199.435778158758,26363258,24783058,26249554,24710512
15,2,none,iso -> df -> ss,66,116,2241894.733133327,510.16301611019475,38112.210463266565,19478417.0,55904.46758355873,0.236705913743406,,,26363258,24783058,20692522,19478417
15,2,df,iso -> df -> ss,66,116,2240233.3176116915,509.7849462833634,38083.966399398756,19478417.0,55904.46758355873,0.23688146102951435,14271.920630750952,,26363258,24783058,20692522,19478417
15,2,ss,iso -> df -> ss,66,116,2241737.609391338,510.14524067596716,38109.53935965275,19477055.76844759,55904.46758355873,0.236705913743406,,1361.2315524091996,26363258,24783058,20692522,19478417
15,2,df+ss,iso -> df -> ss,66,116,2240076.310310417,509.7671840220925,38081.29727527709,19477055.76844759,55904.46758355873,0.23688146102951435,14271.920630750952,1361.2315524091996,26363258,24783058,20692522,19478417
15,3,none,iso -> df -> ss,66,116,2252415.9040897223,481.06276152656403,38291.07036952528,22113236.0,63762.33228603402,0.26746598380699943,,,26363258,24783058,23485712,22113236
15,3,df,iso -> df -> ss,66,116,2250669.3286965624,480.6897343337075,38261.378587841566,22113236.0,63762.33228603402,0.26767354406468297,16874.561774363174,,26363258,24783058,23485712,22113236
15,3,ss,iso -> df -> ss,66,116,2252236.5861737933,481.04372222996653,38288.02196495449,22111480.611193582,63762.33228603402,0.26746598380699943,,1755.3888064161988,26363258,24783058,23485712,22113236
15,3,df+ss,iso -> df -> ss,66,116,2250490.149827893,480.670709800621,38258.332547074184,22111480.611193582,63762.33228603402,0.26767354406468297,16874.561774363174,1755.3888064161988,26363258,24783058,23485712,22113236
15,4,none,iso -> df -> ss,66,116,2255546.2670511315,468.79163754492225,38344.28653986924,23352067.0,67745.36737309983,0.2820530265585758,,,26363258,24783058,24799900,23352067
15,4,df,iso -> df -> ss,66,116,2253750.222680763,468.4183485577762,38313.753785572975,23352067.0,67745.36737309983,0.2822777984722502,18273.862177527277,,26363258,24783058,24799900,23352067
15,4,ss,iso -> df -> ss,66,116,2255346.0031419224,468.7709461117521,38340.882053412686,23349999.647473674,67745.36737309983,0.2820530265585758,,2067.3525263241218,26363258,24783058,24799900,23352067
15,4,df+ss,iso -> df -> ss,66,116,2253550.1182375206,468.397673600762,38310.35201003785,23349999.647473674,67745.36737309983,0.2822777984722502,18273.862177527277,2067.3525263241218,26363258,24783058,24799900,23352067
15,5,none,iso -> df -> ss,66,116,2256419.69342839,463.1776970086489,38359.13478828264,23940876.0,69710.39099940775,0.2890497904665974,,,26363258,24783058,25425828,23940876
15,5,df,iso -> df -> ss,66,116,2254572.4740400584,462.79851629831876,38327.732058680995,23940876.0,69710.39099940775,0.28928661513437415,19253.74602388784,,26363258,24783058,25425828,23940876
15,5,ss,iso -> df -> ss,66,116,2256197.818934713,463.15505647731163,38355.362921890126,23938528.740401797,69710.39099940775,0.2890497904665974,,2347.2595982031635,26363258,24783058,25425828,23940876
15,5,df+ss,iso -> df -> ss,66,116,2254350.781184074,462.7758943016665,38323.96328012926,23938528.740401797,69710.39099940775,0.28928661513437415,19253.74602388784,2347.2595982031635,26363258,24783058,25425828,23940876
15,6,none,iso -> df -> ss,66,116,2256870.1971713705,460.4199337469973,38366.7933519133,24238809.0,70778.57597361234,0.2925860339409985,,,26363258,24783058,25742825,24238809
15,6,df,iso -> df -> ss,66,116,2254977.1250589243,460.0337315907177,38334.61112600171,24238809.0,70778.57597361234,0.2928316623578856,19969.487128985857,,26363258,24783058,25742825,24238809
15,6,ss,iso -> df -> ss,66,116,2256629.933658635,460.3955679555325,38362.708872196796,24236236.10241251,70778.57597361234,0.2925860339409985,,2572.8975874909456,26363258,24783058,25742825,24238809
15,6,df+ss,iso -> df -> ss,66,116,2254737.0630802233,460.0093862373802,38330.5300723638,24236236.10241251,70778.57597361234,0.2928316623578856,19969.487128985857,2572.8975874909456,26363258,24783058,25742825,24238809
15,7,none,iso -> df -> ss,66,116,2257433.2353554214,458.99432804895144,38376.36500104217,24401893.0,71291.78636084395,0.29448070248604874,,,26363258,24783058,25916633,24401893
15,7,df,iso -> df -> ss,66,116,2255502.836834377,458.6018283027102,38343.548226184415,24401893.0,71291.78636084395,0.29473273724445015,20490.320003435307,,26363258,24783058,25916633,24401893
15,7,ss,iso -> df -> ss,66,116,2257179.77229534,458.9687096754257,38372.056129020784,24399161.17673247,71291.78636084395,0.29448070248604874,,2731.8232675300314,26363258,24783058,25916633,24401893
15,7,df+ss,iso -> df -> ss,66,116,2255249.590518121,458.57623183622013,38339.24303880806,24399161.17673247,71291.78636084395,0.29473273724445015,20490.320003435307,2731.8232675300314,26363258,24783058,25916633,24401893
15,8,none,iso -> df -> ss,66,116,2258150.132352256,458.23200805475017,38388.55224998836,24498763.0,71594.49512679361,0.29555562581118605,,,26363258,24783058,26020284,24498763
15,8,df,iso -> df -> ss,66,116,2256183.6845556833,457.8329693417573,38355.12263744662,24498763.0,71594.49512679361,0.29581322660544745,20942.836381113477,,26363258,24783058,26020284,24498763
15,8,ss,iso -> df -> ss,66,116,2257885.3711092668,458.20530067176696,38384.05130885754,24495898.988700036,71594.49512679361,0.29555562581118605,,2864.011299964443,26363258,24783058,26020284,24498763
15,8,df+ss,iso -> df -> ss,66,116,2255919.1538727237,457.80628521616234,38350.6256158363,24495898.988700036,71594.49512679361,0.29581322660544745,20942.836381113477,2864.011299964443,26363258,24783058,26020284,24498763
15,9,none,iso -> df -> ss,66,116,2259047.5679592933,457.82707008609833,38403.808655307985,24561646.0,71783.46827053318,0.296196475269834,,,26363258,24783058,26087573,24561646
15,9,df,iso -> df -> ss,66,116,2257051.9052453805,457.42262158038756,38369.88238917147,24561646.0,71783.46827053318,0.2964583692299661,21291.86896327637,,26363258,24783058,26087573,24561646
15,9,ss,iso -> df -> ss,66,116,2258773.699641216,457.7994794034354,38399.152893900675,24558677.05080361,71783.46827053318,0.296196475269834,,2968.9491963896226,26363258,24783058,26087573,24561646
15,9,df+ss,iso -> df -> ss,66,116,2256778.2788650114,457.39505527157905,38365.2307407052,24558677.05080361,71783.46827053318,0.2964583692299661,21291.86896327637,2968.9491963896226,26363258,24783058,26087573,24561646
15,10,none,iso -> df -> ss,66,116,2260187.9289478343,457.6487672021231,38423.19479211319,24605522.0,71881.9391759785,0.2965762385788827,,,26363258,24783058,26134782,24605522
15,10,df,iso -> df -> ss,66,116,2258167.792272365,457.23972464098586,38388.85246863021,24605522.0,71881.9391759785,0.2968415530248137,21569.953022122252,,26363258,24783058,26134782,24605522
15,10,ss,iso -> df -> ss,66,116,2259909.246309561,457.6207165157512,38418.457187262546,24602496.986260645,71881.9391759785,0.2965762385788827,,3025.013739353519,26363258,24783058,26134782,24605522
15,10,df+ss,iso -> df -> ss,66,116,2257889.358718255,457.21169902607795,38384.119098210336,24602496.986260645,71881.9391759785,0.2968415530248137,21569.953022122252,3025.013739353519,26363258,24783058,26134782,24605522
15,11,none,iso -> df -> ss,66,116,2261564.9800074645,457.62534334432013,38446.6046601269,24637943.0,71945.7886544938,0.2967865683865465,,,26363258,24783058,26169756,24637943
15,11,df,iso -> df -> ss,66,116,2259523.0543273687,457.2121617869924,38411.89192356527,24637943.0,71945.7886544938,0.297054773711708,21804.980289398547,,26363258,24783058,26169756,24637943
15,11,ss,iso -> df -> ss,66,116,2261280.8021549657,457.5967583308626,38441.77363663442,24634856.149790645,71945.7886544938,0.2967865683865465,,3086.850209353818,26363258,24783058,26169756,24637943
15,11,df+ss,iso -> df -> ss,66,116,2259239.1330538588,457.18360258242103,38407.0652619156,24634856.149790645,71945.7886544938,0.297054773711708,21804.980289398547,3086.850209353818,26363258,24783058,26169756,24637943
15,12,none,iso -> df -> ss,66,116,2262944.054508598,457.67289226516544,38470.04892664617,24662820.0,72000.24997358011,0.2969054050188939,,,26363258,24783058,26196722,24662820
15,12,df,iso -> df -> ss,66,116,2260886.393244114,457.2567371329419,38435.068685149934,24662820.0,72000.24997358011,0.2971756223783105,21968.557829278798,,26363258,24783058,26196722,24662820
15,12,ss,iso -> df -> ss,66,116,2262655.1463766145,457.64384607524477,38465.13748840245,24659680.511074603,72000.24997358011,0.2969054050188939,,3139.4889253991078,26363258,24783058,26196722,24662820
15,12,df+ss,iso -> df -> ss,66,116,2260597.747811984,457.22771735428836,38430.161712803725,24659680.511074603,72000.24997358011,0.2971756223783105,21968.557829278798,3139.4889253991078,26363258,24783058,26196722,24662820
15,13,none,iso -> df -> ss,66,116,2264276.9333885857,457.7589706947317,38492.70786760596,24682526.0,72034.4492395779,0.29696800423040276,,,26363258,24783058,26218354,24682526
15,13,df,iso -> df -> ss,66,116,2262204.3810145394,457.33997184019034,38457.474477247175,24682526.0,72034.4492395779,0.2972400759085185,22119.313160705584,,26363258,24783058,26218354,24682526
15,13,ss,iso -> df -> ss,66,116,2263985.354073486,457.72966763253265,38487.75101924926,24679356.815981552,72034.4492395779,0.29696800423040276,,3169.1840184478588,26363258,24783058,26218354,24682526
15,13,df+ss,iso -> df -> ss,66,116,2261913.0685896743,457.3106955998567,38452.522166024464,24679356.815981552,72034.4492395779,0.2972400759085185,22119.313160705584,3169.1840184478588,26363258,24783058,26218354,24682526
15,14,none,iso -> df -> ss,66,116,2265443.792983856,457.846145435881,38512.544480725555,24698505.0,72061.41234553144,0.2970074349316285,,,26363258,24783058,26236163,24698505
15,14,df,iso -> df -> ss,66,116,2263361.1307226927,457.42523943438516,38477.139222285776,24698505.0,72061.41234553144,0.29728073032740987,22218.800892956264,,26363258,24783058,26236163,24698505
15,14,ss,iso -> df -> ss,66,116,2265149.415320498,457.8165706971762,38507.54006044847,24695304.975818153,72061.41234553144,0.2970074349316285,,3200.024181846502,26363258,24783058,26236163,24698505
15,14,df+ss,iso -> df -> ss,66,116,2263067.02368589,457.395691884257,38472.13940266013,24695304.975818153,72061.41234553144,0.29728073032740987,22218.800892956264,3200.024181846502,26363258,24783058,26236163,24698505
15,15,none,iso -> df -> ss,66,116,2266494.930601189,457.9352823980913,38530.413820220216,24711735.0,72076.09895665146,0.29702900058711007,,,26363258,24783058,26251123,24711735
15,15,df,iso -> df -> ss,66,116,2264400.6292261635,457.5121380624698,38494.81069684478,24711735.0,72076.09895665146,0.2973037170998698,22334.33710643412,,26363258,24783058,26251123,24711735
15,15,ss,iso -> df -> ss,66,116,2266198.0528376037,457.9054644490294,38525.36689823926,24708507.56422184,72076.09895665146,0.29702900058711007,,3227.435778158758,26363258,24783058,26251123,24711735
15,15,df+ss,iso -> df -> ss,66,116,2264104.0257854993,457.4823476659829,38489.76843835349,24708507.56422184,72076.09895665146,0.2973037170998698,22334.33710643412,3227.435778158758,26363258,24783058,26251123,24711735
